"VAR","Variable","UNIT","Measure","COU","Country","YEA","Year","Value","Flag Codes","Flags"
"CICDALLC","All causes of death","TXCRUDTX","Deaths per 100 000 population (crude rates)","SVK","Slovak Republic","2000","2000",978.4,,
"CICDALLC","All causes of death","TXCRUDTX","Deaths per 100 000 population (crude rates)","SVK","Slovak Republic","2001","2001",966.4,,
"CICDALLC","All causes of death","TXCRUDTX","Deaths per 100 000 population (crude rates)","SVK","Slovak Republic","2002","2002",958.4,,
"CICDALLC","All causes of death","TXCRUDTX","Deaths per 100 000 population (crude rates)","SVK","Slovak Republic","2003","2003",972,,
"CICDALLC","All causes of death","TXCRUDTX","Deaths per 100 000 population (crude rates)","SVK","Slovak Republic","2004","2004",965.2,,
"CICDALLC","All causes of death","TXCRUDTX","Deaths per 100 000 population (crude rates)","SVK","Slovak Republic","2005","2005",995.3,,
"CICDALLC","All causes of death","TXCRUDTX","Deaths per 100 000 population (crude rates)","SVK","Slovak Republic","2006","2006",992,,
"CICDALLC","All causes of death","TXCRUDTX","Deaths per 100 000 population (crude rates)","SVK","Slovak Republic","2007","2007",1002,,
"CICDALLC","All causes of death","TXCRUDTX","Deaths per 100 000 population (crude rates)","SVK","Slovak Republic","2008","2008",988.3,,
"CICDALLC","All causes of death","TXCRUDTX","Deaths per 100 000 population (crude rates)","SVK","Slovak Republic","2009","2009",982.3,,
"CICDALLC","All causes of death","TXCRUDTX","Deaths per 100 000 population (crude rates)","SVK","Slovak Republic","2010","2010",991.3,,
"CICDALLC","All causes of death","TXCRUDTX","Deaths per 100 000 population (crude rates)","SVK","Slovak Republic","2012","2012",969.7,,
"CICDALLC","All causes of death","TXCRUDTX","Deaths per 100 000 population (crude rates)","SVK","Slovak Republic","2013","2013",962.1,,
"CICDALLC","All causes of death","TXCRUDTX","Deaths per 100 000 population (crude rates)","SVK","Slovak Republic","2014","2014",947.6,,
"CICDALLC","All causes of death","TXCRUDTX","Deaths per 100 000 population (crude rates)","ESP","Spain","2000","2000",888.4,,
"CICDALLC","All causes of death","TXCRUDTX","Deaths per 100 000 population (crude rates)","ESP","Spain","2001","2001",881.6,,
"CICDALLC","All causes of death","TXCRUDTX","Deaths per 100 000 population (crude rates)","ESP","Spain","2002","2002",889.7,,
"CICDALLC","All causes of death","TXCRUDTX","Deaths per 100 000 population (crude rates)","ESP","Spain","2003","2003",912.2,,
"CICDALLC","All causes of death","TXCRUDTX","Deaths per 100 000 population (crude rates)","ESP","Spain","2004","2004",866.5,,
"CICDALLC","All causes of death","TXCRUDTX","Deaths per 100 000 population (crude rates)","ESP","Spain","2005","2005",887.3,,
"CICDALLC","All causes of death","TXCRUDTX","Deaths per 100 000 population (crude rates)","ESP","Spain","2006","2006",836.7,,
"CICDALLC","All causes of death","TXCRUDTX","Deaths per 100 000 population (crude rates)","ESP","Spain","2007","2007",852.1,,
"CICDALLC","All causes of death","TXCRUDTX","Deaths per 100 000 population (crude rates)","ESP","Spain","2008","2008",840.7,,
"CICDALLC","All causes of death","TXCRUDTX","Deaths per 100 000 population (crude rates)","ESP","Spain","2009","2009",830.3,,
"CICDALLC","All causes of death","TXCRUDTX","Deaths per 100 000 population (crude rates)","ESP","Spain","2010","2010",820.2,,
"CICDALLC","All causes of death","TXCRUDTX","Deaths per 100 000 population (crude rates)","ESP","Spain","2011","2011",829.9,,
"CICDALLC","All causes of death","TXCRUDTX","Deaths per 100 000 population (crude rates)","ESP","Spain","2012","2012",861.5,,
"CICDALLC","All causes of death","TXCRUDTX","Deaths per 100 000 population (crude rates)","ESP","Spain","2013","2013",837.4,,
"CICDALLC","All causes of death","TXCRUDTX","Deaths per 100 000 population (crude rates)","ESP","Spain","2014","2014",851.6,,
"CICDALLC","All causes of death","TXCRUDTX","Deaths per 100 000 population (crude rates)","ESP","Spain","2015","2015",909.8,,
"CICDALLC","All causes of death","TXCRUDTX","Deaths per 100 000 population (crude rates)","ESP","Spain","2016","2016",883.3,,
"CICDALLC","All causes of death","TXCRUDTX","Deaths per 100 000 population (crude rates)","ESP","Spain","2017","2017",911.1,,
"CICDALLC","All causes of death","TXCRUDTX","Deaths per 100 000 population (crude rates)","BEL","Belgium","2000","2000",1022.6,,
"CICDALLC","All causes of death","TXCRUDTX","Deaths per 100 000 population (crude rates)","BEL","Belgium","2001","2001",1001.2,,
"CICDALLC","All causes of death","TXCRUDTX","Deaths per 100 000 population (crude rates)","BEL","Belgium","2002","2002",1019,,
"CICDALLC","All causes of death","TXCRUDTX","Deaths per 100 000 population (crude rates)","BEL","Belgium","2003","2003",1023.6,,
"CICDALLC","All causes of death","TXCRUDTX","Deaths per 100 000 population (crude rates)","BEL","Belgium","2004","2004",971.6,,
"CICDALLC","All causes of death","TXCRUDTX","Deaths per 100 000 population (crude rates)","BEL","Belgium","2005","2005",982.3,,
"CICDALLC","All causes of death","TXCRUDTX","Deaths per 100 000 population (crude rates)","BEL","Belgium","2006","2006",949,,
"CICDALLC","All causes of death","TXCRUDTX","Deaths per 100 000 population (crude rates)","BEL","Belgium","2007","2007",954.1,,
"CICDALLC","All causes of death","TXCRUDTX","Deaths per 100 000 population (crude rates)","BEL","Belgium","2008","2008",968.8,,
"CICDALLC","All causes of death","TXCRUDTX","Deaths per 100 000 population (crude rates)","BEL","Belgium","2009","2009",961.6,,
"CICDALLC","All causes of death","TXCRUDTX","Deaths per 100 000 population (crude rates)","BEL","Belgium","2010","2010",965.1,,
"CICDALLC","All causes of death","TXCRUDTX","Deaths per 100 000 population (crude rates)","BEL","Belgium","2011","2011",944.8,,
"CICDALLC","All causes of death","TXCRUDTX","Deaths per 100 000 population (crude rates)","BEL","Belgium","2012","2012",982.1,,
"CICDALLC","All causes of death","TXCRUDTX","Deaths per 100 000 population (crude rates)","BEL","Belgium","2013","2013",979.7,,
"CICDALLC","All causes of death","TXCRUDTX","Deaths per 100 000 population (crude rates)","BEL","Belgium","2014","2014",934.6,,
"CICDALLC","All causes of death","TXCRUDTX","Deaths per 100 000 population (crude rates)","BEL","Belgium","2015","2015",980.5,,
"CICDALLC","All causes of death","TXCRUDTX","Deaths per 100 000 population (crude rates)","BEL","Belgium","2016","2016",954,,
"CICDALLC","All causes of death","TXCRUDTX","Deaths per 100 000 population (crude rates)","ITA","Italy","2000","2000",983.7,,
"CICDALLC","All causes of death","TXCRUDTX","Deaths per 100 000 population (crude rates)","ITA","Italy","2001","2001",977.4,,
"CICDALLC","All causes of death","TXCRUDTX","Deaths per 100 000 population (crude rates)","ITA","Italy","2002","2002",982.1,,
"CICDALLC","All causes of death","TXCRUDTX","Deaths per 100 000 population (crude rates)","ITA","Italy","2003","2003",1027.5,"B","Break"
"CICDALLC","All causes of death","TXCRUDTX","Deaths per 100 000 population (crude rates)","ITA","Italy","2004","2004",944.9,,
"CICDALLC","All causes of death","TXCRUDTX","Deaths per 100 000 population (crude rates)","ITA","Italy","2005","2005",980.4,,
"CICDALLC","All causes of death","TXCRUDTX","Deaths per 100 000 population (crude rates)","ITA","Italy","2006","2006",960.7,,
"CICDALLC","All causes of death","TXCRUDTX","Deaths per 100 000 population (crude rates)","ITA","Italy","2007","2007",980.3,,
"CICDALLC","All causes of death","TXCRUDTX","Deaths per 100 000 population (crude rates)","ITA","Italy","2008","2008",988.4,,
"CICDALLC","All causes of death","TXCRUDTX","Deaths per 100 000 population (crude rates)","ITA","Italy","2009","2009",995.7,,
"CICDALLC","All causes of death","TXCRUDTX","Deaths per 100 000 population (crude rates)","ITA","Italy","2010","2010",986.2,,
"CICDALLC","All causes of death","TXCRUDTX","Deaths per 100 000 population (crude rates)","ITA","Italy","2011","2011",1000.6,,
"CICDALLC","All causes of death","TXCRUDTX","Deaths per 100 000 population (crude rates)","ITA","Italy","2012","2012",1030.4,,
"CICDALLC","All causes of death","TXCRUDTX","Deaths per 100 000 population (crude rates)","ITA","Italy","2013","2013",995.6,,
"CICDALLC","All causes of death","TXCRUDTX","Deaths per 100 000 population (crude rates)","ITA","Italy","2014","2014",984.8,,
"CICDALLC","All causes of death","TXCRUDTX","Deaths per 100 000 population (crude rates)","ITA","Italy","2015","2015",1063.8,,
"CICDALLC","All causes of death","TXCRUDTX","Deaths per 100 000 population (crude rates)","ITA","Italy","2016","2016",1019.5,,
"CICDALLC","All causes of death","TXCRUDTX","Deaths per 100 000 population (crude rates)","ITA","Italy","2017","2017",1074.7,,
"CICDALLC","All causes of death","TXCRUDTX","Deaths per 100 000 population (crude rates)","EST","Estonia","2000","2000",1317.3,,
"CICDALLC","All causes of death","TXCRUDTX","Deaths per 100 000 population (crude rates)","EST","Estonia","2001","2001",1333.9,,
"CICDALLC","All causes of death","TXCRUDTX","Deaths per 100 000 population (crude rates)","EST","Estonia","2002","2002",1330.7,,
"CICDALLC","All causes of death","TXCRUDTX","Deaths per 100 000 population (crude rates)","EST","Estonia","2003","2003",1324.3,,
"CICDALLC","All causes of death","TXCRUDTX","Deaths per 100 000 population (crude rates)","EST","Estonia","2004","2004",1297.9,,
"CICDALLC","All causes of death","TXCRUDTX","Deaths per 100 000 population (crude rates)","EST","Estonia","2005","2005",1278.1,,
"CICDALLC","All causes of death","TXCRUDTX","Deaths per 100 000 population (crude rates)","EST","Estonia","2006","2006",1285.7,,
"CICDALLC","All causes of death","TXCRUDTX","Deaths per 100 000 population (crude rates)","EST","Estonia","2007","2007",1298.5,,
"CICDALLC","All causes of death","TXCRUDTX","Deaths per 100 000 population (crude rates)","EST","Estonia","2008","2008",1247.1,,
"CICDALLC","All causes of death","TXCRUDTX","Deaths per 100 000 population (crude rates)","EST","Estonia","2009","2009",1206.4,,
"CICDALLC","All causes of death","TXCRUDTX","Deaths per 100 000 population (crude rates)","EST","Estonia","2010","2010",1185.2,,
"CICDALLC","All causes of death","TXCRUDTX","Deaths per 100 000 population (crude rates)","EST","Estonia","2011","2011",1145.4,,
"CICDALLC","All causes of death","TXCRUDTX","Deaths per 100 000 population (crude rates)","EST","Estonia","2012","2012",1169.8,,
"CICDALLC","All causes of death","TXCRUDTX","Deaths per 100 000 population (crude rates)","EST","Estonia","2013","2013",1166.5,,
"CICDALLC","All causes of death","TXCRUDTX","Deaths per 100 000 population (crude rates)","EST","Estonia","2014","2014",1176.8,,
"CICDALLC","All causes of death","TXCRUDTX","Deaths per 100 000 population (crude rates)","EST","Estonia","2015","2015",1158.8,,
"CICDALLC","All causes of death","TXCRUDTX","Deaths per 100 000 population (crude rates)","EST","Estonia","2016","2016",1169.1,,
"CICDALLC","All causes of death","TXCRUDTX","Deaths per 100 000 population (crude rates)","EST","Estonia","2017","2017",1172.2,,
"CICDALLC","All causes of death","TXCRUDTX","Deaths per 100 000 population (crude rates)","EST","Estonia","2018","2018",1180.5,,
"CICDALLC","All causes of death","TXCRUDTX","Deaths per 100 000 population (crude rates)","EST","Estonia","2019","2019",1144.5,,
"CICDALLC","All causes of death","TXCRUDTX","Deaths per 100 000 population (crude rates)","AUS","Australia","2000","2000",676.8,,
"CICDALLC","All causes of death","TXCRUDTX","Deaths per 100 000 population (crude rates)","AUS","Australia","2001","2001",667.5,,
"CICDALLC","All causes of death","TXCRUDTX","Deaths per 100 000 population (crude rates)","AUS","Australia","2002","2002",682.5,,
"CICDALLC","All causes of death","TXCRUDTX","Deaths per 100 000 population (crude rates)","AUS","Australia","2003","2003",668.3,,
"CICDALLC","All causes of death","TXCRUDTX","Deaths per 100 000 population (crude rates)","AUS","Australia","2004","2004",663.8,,
"CICDALLC","All causes of death","TXCRUDTX","Deaths per 100 000 population (crude rates)","AUS","Australia","2006","2006",653.9,,
"CICDALLC","All causes of death","TXCRUDTX","Deaths per 100 000 population (crude rates)","AUS","Australia","2007","2007",661.9,,
"CICDALLC","All causes of death","TXCRUDTX","Deaths per 100 000 population (crude rates)","AUS","Australia","2008","2008",677.4,,
"CICDALLC","All causes of death","TXCRUDTX","Deaths per 100 000 population (crude rates)","AUS","Australia","2009","2009",648.9,,
"CICDALLC","All causes of death","TXCRUDTX","Deaths per 100 000 population (crude rates)","AUS","Australia","2010","2010",651.2,,
"CICDALLC","All causes of death","TXCRUDTX","Deaths per 100 000 population (crude rates)","AUS","Australia","2011","2011",657.7,,
"CICDALLC","All causes of death","TXCRUDTX","Deaths per 100 000 population (crude rates)","AUS","Australia","2012","2012",647.1,,
"CICDALLC","All causes of death","TXCRUDTX","Deaths per 100 000 population (crude rates)","AUS","Australia","2013","2013",638.5,,
"CICDALLC","All causes of death","TXCRUDTX","Deaths per 100 000 population (crude rates)","AUS","Australia","2014","2014",654.2,,
"CICDALLC","All causes of death","TXCRUDTX","Deaths per 100 000 population (crude rates)","AUS","Australia","2015","2015",667.8,,
"CICDALLC","All causes of death","TXCRUDTX","Deaths per 100 000 population (crude rates)","AUS","Australia","2016","2016",655.2,,
"CICDALLC","All causes of death","TXCRUDTX","Deaths per 100 000 population (crude rates)","AUS","Australia","2017","2017",654.1,,
"CICDALLC","All causes of death","TXCRUDTX","Deaths per 100 000 population (crude rates)","AUS","Australia","2018","2018",634.4,,
"CICDALLC","All causes of death","TXCRUDTX","Deaths per 100 000 population (crude rates)","GRC","Greece","2000","2000",973.3,,
"CICDALLC","All causes of death","TXCRUDTX","Deaths per 100 000 population (crude rates)","GRC","Greece","2001","2001",944.2,,
"CICDALLC","All causes of death","TXCRUDTX","Deaths per 100 000 population (crude rates)","GRC","Greece","2002","2002",953.2,,
"CICDALLC","All causes of death","TXCRUDTX","Deaths per 100 000 population (crude rates)","GRC","Greece","2003","2003",965.7,,
"CICDALLC","All causes of death","TXCRUDTX","Deaths per 100 000 population (crude rates)","GRC","Greece","2004","2004",957.9,,
"CICDALLC","All causes of death","TXCRUDTX","Deaths per 100 000 population (crude rates)","GRC","Greece","2005","2005",956.5,,
"CICDALLC","All causes of death","TXCRUDTX","Deaths per 100 000 population (crude rates)","GRC","Greece","2006","2006",952.5,,
"CICDALLC","All causes of death","TXCRUDTX","Deaths per 100 000 population (crude rates)","GRC","Greece","2007","2007",994.7,,
"CICDALLC","All causes of death","TXCRUDTX","Deaths per 100 000 population (crude rates)","GRC","Greece","2008","2008",974.7,,
"CICDALLC","All causes of death","TXCRUDTX","Deaths per 100 000 population (crude rates)","GRC","Greece","2009","2009",975.2,,
"CICDALLC","All causes of death","TXCRUDTX","Deaths per 100 000 population (crude rates)","GRC","Greece","2010","2010",980.9,,
"CICDALLC","All causes of death","TXCRUDTX","Deaths per 100 000 population (crude rates)","GRC","Greece","2011","2011",1000.5,,
"CICDALLC","All causes of death","TXCRUDTX","Deaths per 100 000 population (crude rates)","GRC","Greece","2012","2012",1056.3,,
"CICDALLC","All causes of death","TXCRUDTX","Deaths per 100 000 population (crude rates)","GRC","Greece","2013","2013",1019.5,,
"CICDALLC","All causes of death","TXCRUDTX","Deaths per 100 000 population (crude rates)","GRC","Greece","2014","2014",1044.2,,
"CICDALLC","All causes of death","TXCRUDTX","Deaths per 100 000 population (crude rates)","GRC","Greece","2015","2015",1122.7,,
"CICDALLC","All causes of death","TXCRUDTX","Deaths per 100 000 population (crude rates)","GRC","Greece","2016","2016",1103.9,,
"CICDALLC","All causes of death","TXCRUDTX","Deaths per 100 000 population (crude rates)","GRC","Greece","2017","2017",1157.8,,
"CICDALLC","All causes of death","TXCRUDTX","Deaths per 100 000 population (crude rates)","GRC","Greece","2018","2018",1121.4,,
"CICDALLC","All causes of death","TXCRUDTX","Deaths per 100 000 population (crude rates)","NOR","Norway","2000","2000",980.1,,
"CICDALLC","All causes of death","TXCRUDTX","Deaths per 100 000 population (crude rates)","NOR","Norway","2001","2001",974.3,,
"CICDALLC","All causes of death","TXCRUDTX","Deaths per 100 000 population (crude rates)","NOR","Norway","2002","2002",978.4,,
"CICDALLC","All causes of death","TXCRUDTX","Deaths per 100 000 population (crude rates)","NOR","Norway","2003","2003",932.1,,
"CICDALLC","All causes of death","TXCRUDTX","Deaths per 100 000 population (crude rates)","NOR","Norway","2004","2004",898.5,,
"CICDALLC","All causes of death","TXCRUDTX","Deaths per 100 000 population (crude rates)","NOR","Norway","2005","2005",890.1,,
"CICDALLC","All causes of death","TXCRUDTX","Deaths per 100 000 population (crude rates)","NOR","Norway","2006","2006",884.9,,
"CICDALLC","All causes of death","TXCRUDTX","Deaths per 100 000 population (crude rates)","NOR","Norway","2007","2007",891.1,,
"CICDALLC","All causes of death","TXCRUDTX","Deaths per 100 000 population (crude rates)","NOR","Norway","2008","2008",874.9,,
"CICDALLC","All causes of death","TXCRUDTX","Deaths per 100 000 population (crude rates)","NOR","Norway","2009","2009",856.2,,
"CICDALLC","All causes of death","TXCRUDTX","Deaths per 100 000 population (crude rates)","NOR","Norway","2010","2010",847.6,,
"CICDALLC","All causes of death","TXCRUDTX","Deaths per 100 000 population (crude rates)","NOR","Norway","2011","2011",833.9,,
"CICDALLC","All causes of death","TXCRUDTX","Deaths per 100 000 population (crude rates)","NOR","Norway","2012","2012",835.2,,
"CICDALLC","All causes of death","TXCRUDTX","Deaths per 100 000 population (crude rates)","NOR","Norway","2013","2013",810.7,,
"CICDALLC","All causes of death","TXCRUDTX","Deaths per 100 000 population (crude rates)","NOR","Norway","2014","2014",785.3,,
"CICDALLC","All causes of death","TXCRUDTX","Deaths per 100 000 population (crude rates)","NOR","Norway","2015","2015",784.1,,
"CICDALLC","All causes of death","TXCRUDTX","Deaths per 100 000 population (crude rates)","NOR","Norway","2016","2016",775.8,,
"CICDALLC","All causes of death","TXCRUDTX","Deaths per 100 000 population (crude rates)","GBR","United Kingdom","2001","2001",1022.4,"B","Break"
"CICDALLC","All causes of death","TXCRUDTX","Deaths per 100 000 population (crude rates)","GBR","United Kingdom","2002","2002",1024.2,,
"CICDALLC","All causes of death","TXCRUDTX","Deaths per 100 000 population (crude rates)","GBR","United Kingdom","2003","2003",1026.4,,
"CICDALLC","All causes of death","TXCRUDTX","Deaths per 100 000 population (crude rates)","GBR","United Kingdom","2004","2004",975.5,,
"CICDALLC","All causes of death","TXCRUDTX","Deaths per 100 000 population (crude rates)","GBR","United Kingdom","2005","2005",965,,
"CICDALLC","All causes of death","TXCRUDTX","Deaths per 100 000 population (crude rates)","GBR","United Kingdom","2006","2006",940.7,,
"CICDALLC","All causes of death","TXCRUDTX","Deaths per 100 000 population (crude rates)","GBR","United Kingdom","2007","2007",937.2,,
"CICDALLC","All causes of death","TXCRUDTX","Deaths per 100 000 population (crude rates)","GBR","United Kingdom","2008","2008",937.7,,
"CICDALLC","All causes of death","TXCRUDTX","Deaths per 100 000 population (crude rates)","GBR","United Kingdom","2009","2009",898.8,,
"CICDALLC","All causes of death","TXCRUDTX","Deaths per 100 000 population (crude rates)","GBR","United Kingdom","2010","2010",895,,
"CICDALLC","All causes of death","TXCRUDTX","Deaths per 100 000 population (crude rates)","GBR","United Kingdom","2011","2011",872.6,,
"CICDALLC","All causes of death","TXCRUDTX","Deaths per 100 000 population (crude rates)","GBR","United Kingdom","2012","2012",893.2,,
"CICDALLC","All causes of death","TXCRUDTX","Deaths per 100 000 population (crude rates)","GBR","United Kingdom","2013","2013",899.2,,
"CICDALLC","All causes of death","TXCRUDTX","Deaths per 100 000 population (crude rates)","GBR","United Kingdom","2014","2014",882.9,,
"CICDALLC","All causes of death","TXCRUDTX","Deaths per 100 000 population (crude rates)","GBR","United Kingdom","2015","2015",925.8,,
"CICDALLC","All causes of death","TXCRUDTX","Deaths per 100 000 population (crude rates)","GBR","United Kingdom","2016","2016",909.7,,
"CICDALLC","All causes of death","TXCRUDTX","Deaths per 100 000 population (crude rates)","IRL","Ireland","2000","2000",825,,
"CICDALLC","All causes of death","TXCRUDTX","Deaths per 100 000 population (crude rates)","IRL","Ireland","2001","2001",781.4,,
"CICDALLC","All causes of death","TXCRUDTX","Deaths per 100 000 population (crude rates)","IRL","Ireland","2002","2002",754.9,,
"CICDALLC","All causes of death","TXCRUDTX","Deaths per 100 000 population (crude rates)","IRL","Ireland","2003","2003",727.5,,
"CICDALLC","All causes of death","TXCRUDTX","Deaths per 100 000 population (crude rates)","IRL","Ireland","2004","2004",704.3,,
"CICDALLC","All causes of death","TXCRUDTX","Deaths per 100 000 population (crude rates)","IRL","Ireland","2005","2005",679.3,,
"CICDALLC","All causes of death","TXCRUDTX","Deaths per 100 000 population (crude rates)","IRL","Ireland","2006","2006",666.4,,
"CICDALLC","All causes of death","TXCRUDTX","Deaths per 100 000 population (crude rates)","IRL","Ireland","2007","2007",639.2,"B","Break"
"CICDALLC","All causes of death","TXCRUDTX","Deaths per 100 000 population (crude rates)","IRL","Ireland","2008","2008",629.8,,
"CICDALLC","All causes of death","TXCRUDTX","Deaths per 100 000 population (crude rates)","IRL","Ireland","2009","2009",637.2,,
"CICDALLC","All causes of death","TXCRUDTX","Deaths per 100 000 population (crude rates)","IRL","Ireland","2010","2010",594.8,,
"CICDALLC","All causes of death","TXCRUDTX","Deaths per 100 000 population (crude rates)","IRL","Ireland","2011","2011",621.3,,
"CICDALLC","All causes of death","TXCRUDTX","Deaths per 100 000 population (crude rates)","IRL","Ireland","2012","2012",634.5,,
"CICDALLC","All causes of death","TXCRUDTX","Deaths per 100 000 population (crude rates)","IRL","Ireland","2013","2013",638.1,,
"CICDALLC","All causes of death","TXCRUDTX","Deaths per 100 000 population (crude rates)","IRL","Ireland","2014","2014",628,,
"CICDALLC","All causes of death","TXCRUDTX","Deaths per 100 000 population (crude rates)","IRL","Ireland","2015","2015",640.7,,
"CICDALLC","All causes of death","TXCRUDTX","Deaths per 100 000 population (crude rates)","KOR","Korea","2000","2000",529.1,,
"CICDALLC","All causes of death","TXCRUDTX","Deaths per 100 000 population (crude rates)","KOR","Korea","2001","2001",514.7,,
"CICDALLC","All causes of death","TXCRUDTX","Deaths per 100 000 population (crude rates)","KOR","Korea","2002","2002",519.5,,
"CICDALLC","All causes of death","TXCRUDTX","Deaths per 100 000 population (crude rates)","KOR","Korea","2003","2003",514.6,,
"CICDALLC","All causes of death","TXCRUDTX","Deaths per 100 000 population (crude rates)","KOR","Korea","2004","2004",512.1,,
"CICDALLC","All causes of death","TXCRUDTX","Deaths per 100 000 population (crude rates)","KOR","Korea","2005","2005",510.3,,
"CICDALLC","All causes of death","TXCRUDTX","Deaths per 100 000 population (crude rates)","KOR","Korea","2006","2006",504.1,,
"CICDALLC","All causes of death","TXCRUDTX","Deaths per 100 000 population (crude rates)","KOR","Korea","2007","2007",506.3,,
"CICDALLC","All causes of death","TXCRUDTX","Deaths per 100 000 population (crude rates)","KOR","Korea","2008","2008",501.7,,
"CICDALLC","All causes of death","TXCRUDTX","Deaths per 100 000 population (crude rates)","KOR","Korea","2009","2009",500.8,,
"CICDALLC","All causes of death","TXCRUDTX","Deaths per 100 000 population (crude rates)","KOR","Korea","2010","2010",515.4,,
"CICDALLC","All causes of death","TXCRUDTX","Deaths per 100 000 population (crude rates)","KOR","Korea","2011","2011",515.4,,
"CICDALLC","All causes of death","TXCRUDTX","Deaths per 100 000 population (crude rates)","KOR","Korea","2012","2012",532.3,,
"CICDALLC","All causes of death","TXCRUDTX","Deaths per 100 000 population (crude rates)","KOR","Korea","2013","2013",528,,
"CICDALLC","All causes of death","TXCRUDTX","Deaths per 100 000 population (crude rates)","KOR","Korea","2014","2014",527.5,,
"CICDALLC","All causes of death","TXCRUDTX","Deaths per 100 000 population (crude rates)","KOR","Korea","2015","2015",540.8,,
"CICDALLC","All causes of death","TXCRUDTX","Deaths per 100 000 population (crude rates)","KOR","Korea","2016","2016",548.3,,
"CICDALLC","All causes of death","TXCRUDTX","Deaths per 100 000 population (crude rates)","KOR","Korea","2017","2017",555.9,,
"CICDALLC","All causes of death","TXCRUDTX","Deaths per 100 000 population (crude rates)","KOR","Korea","2018","2018",579,,
"CICDALLC","All causes of death","TXCRUDTX","Deaths per 100 000 population (crude rates)","KOR","Korea","2019","2019",570.7,,
"CICDALLC","All causes of death","TXCRUDTX","Deaths per 100 000 population (crude rates)","CHL","Chile","2000","2000",513.7,,
"CICDALLC","All causes of death","TXCRUDTX","Deaths per 100 000 population (crude rates)","CHL","Chile","2001","2001",527.5,,
"CICDALLC","All causes of death","TXCRUDTX","Deaths per 100 000 population (crude rates)","CHL","Chile","2002","2002",516.7,,
"CICDALLC","All causes of death","TXCRUDTX","Deaths per 100 000 population (crude rates)","CHL","Chile","2003","2003",527.7,,
"CICDALLC","All causes of death","TXCRUDTX","Deaths per 100 000 population (crude rates)","CHL","Chile","2004","2004",537.6,,
"CICDALLC","All causes of death","TXCRUDTX","Deaths per 100 000 population (crude rates)","CHL","Chile","2005","2005",532,,
"CICDALLC","All causes of death","TXCRUDTX","Deaths per 100 000 population (crude rates)","CHL","Chile","2006","2006",523.9,,
"CICDALLC","All causes of death","TXCRUDTX","Deaths per 100 000 population (crude rates)","CHL","Chile","2007","2007",542.2,,
"CICDALLC","All causes of death","TXCRUDTX","Deaths per 100 000 population (crude rates)","CHL","Chile","2008","2008",519.7,,
"CICDALLC","All causes of death","TXCRUDTX","Deaths per 100 000 population (crude rates)","CHL","Chile","2009","2009",544.8,,
"CICDALLC","All causes of death","TXCRUDTX","Deaths per 100 000 population (crude rates)","CHL","Chile","2010","2010",573.9,,
"CICDALLC","All causes of death","TXCRUDTX","Deaths per 100 000 population (crude rates)","CHL","Chile","2011","2011",550.5,,
"CICDALLC","All causes of death","TXCRUDTX","Deaths per 100 000 population (crude rates)","CHL","Chile","2012","2012",565.9,,
"CICDALLC","All causes of death","TXCRUDTX","Deaths per 100 000 population (crude rates)","CHL","Chile","2013","2013",566.4,,
"CICDALLC","All causes of death","TXCRUDTX","Deaths per 100 000 population (crude rates)","CHL","Chile","2014","2014",573.1,,
"CICDALLC","All causes of death","TXCRUDTX","Deaths per 100 000 population (crude rates)","CHL","Chile","2015","2015",574.8,,
"CICDALLC","All causes of death","TXCRUDTX","Deaths per 100 000 population (crude rates)","CHL","Chile","2016","2016",572.5,,
"CICDALLC","All causes of death","TXCRUDTX","Deaths per 100 000 population (crude rates)","CHL","Chile","2017","2017",577.5,,
"CICDALLC","All causes of death","TXCRUDTX","Deaths per 100 000 population (crude rates)","CHL","Chile","2018","2018",569.4,,
"CICDALLC","All causes of death","TXCRUDTX","Deaths per 100 000 population (crude rates)","FIN","Finland","2000","2000",952.7,,
"CICDALLC","All causes of death","TXCRUDTX","Deaths per 100 000 population (crude rates)","FIN","Finland","2001","2001",934.9,,
"CICDALLC","All causes of death","TXCRUDTX","Deaths per 100 000 population (crude rates)","FIN","Finland","2002","2002",949.7,,
"CICDALLC","All causes of death","TXCRUDTX","Deaths per 100 000 population (crude rates)","FIN","Finland","2003","2003",940.6,,
"CICDALLC","All causes of death","TXCRUDTX","Deaths per 100 000 population (crude rates)","FIN","Finland","2004","2004",913.5,,
"CICDALLC","All causes of death","TXCRUDTX","Deaths per 100 000 population (crude rates)","FIN","Finland","2005","2005",910.2,,
"CICDALLC","All causes of death","TXCRUDTX","Deaths per 100 000 population (crude rates)","FIN","Finland","2006","2006",913.5,,
"CICDALLC","All causes of death","TXCRUDTX","Deaths per 100 000 population (crude rates)","FIN","Finland","2007","2007",928.3,,
"CICDALLC","All causes of death","TXCRUDTX","Deaths per 100 000 population (crude rates)","FIN","Finland","2008","2008",923.9,,
"CICDALLC","All causes of death","TXCRUDTX","Deaths per 100 000 population (crude rates)","FIN","Finland","2009","2009",934.7,,
"CICDALLC","All causes of death","TXCRUDTX","Deaths per 100 000 population (crude rates)","FIN","Finland","2010","2010",949.2,,
"CICDALLC","All causes of death","TXCRUDTX","Deaths per 100 000 population (crude rates)","FIN","Finland","2011","2011",938.5,,
"CICDALLC","All causes of death","TXCRUDTX","Deaths per 100 000 population (crude rates)","FIN","Finland","2012","2012",955.6,,
"CICDALLC","All causes of death","TXCRUDTX","Deaths per 100 000 population (crude rates)","FIN","Finland","2013","2013",946.5,,
"CICDALLC","All causes of death","TXCRUDTX","Deaths per 100 000 population (crude rates)","FIN","Finland","2014","2014",959.6,,
"CICDALLC","All causes of death","TXCRUDTX","Deaths per 100 000 population (crude rates)","FIN","Finland","2016","2016",982,,
"CICDALLC","All causes of death","TXCRUDTX","Deaths per 100 000 population (crude rates)","FIN","Finland","2017","2017",974.4,,
"CICDALLC","All causes of death","TXCRUDTX","Deaths per 100 000 population (crude rates)","FIN","Finland","2018","2018",988.5,,
"CICDALLC","All causes of death","TXCRUDTX","Deaths per 100 000 population (crude rates)","SVN","Slovenia","2000","2000",934.6,,
"CICDALLC","All causes of death","TXCRUDTX","Deaths per 100 000 population (crude rates)","SVN","Slovenia","2001","2001",929.1,,
"CICDALLC","All causes of death","TXCRUDTX","Deaths per 100 000 population (crude rates)","SVN","Slovenia","2002","2002",937.6,,
"CICDALLC","All causes of death","TXCRUDTX","Deaths per 100 000 population (crude rates)","SVN","Slovenia","2003","2003",974.6,,
"CICDALLC","All causes of death","TXCRUDTX","Deaths per 100 000 population (crude rates)","SVN","Slovenia","2004","2004",927.5,,
"CICDALLC","All causes of death","TXCRUDTX","Deaths per 100 000 population (crude rates)","SVN","Slovenia","2005","2005",941,,
"CICDALLC","All causes of death","TXCRUDTX","Deaths per 100 000 population (crude rates)","SVN","Slovenia","2006","2006",905.9,,
"CICDALLC","All causes of death","TXCRUDTX","Deaths per 100 000 population (crude rates)","SVN","Slovenia","2007","2007",920.9,,
"CICDALLC","All causes of death","TXCRUDTX","Deaths per 100 000 population (crude rates)","SVN","Slovenia","2008","2008",905.7,,
"CICDALLC","All causes of death","TXCRUDTX","Deaths per 100 000 population (crude rates)","SVN","Slovenia","2009","2009",919.3,,
"CICDALLC","All causes of death","TXCRUDTX","Deaths per 100 000 population (crude rates)","SVN","Slovenia","2010","2010",908.4,,
"CICDALLC","All causes of death","TXCRUDTX","Deaths per 100 000 population (crude rates)","SVN","Slovenia","2011","2011",910.9,,
"CICDALLC","All causes of death","TXCRUDTX","Deaths per 100 000 population (crude rates)","SVN","Slovenia","2012","2012",936.1,,
"CICDALLC","All causes of death","TXCRUDTX","Deaths per 100 000 population (crude rates)","SVN","Slovenia","2013","2013",938.6,,
"CICDALLC","All causes of death","TXCRUDTX","Deaths per 100 000 population (crude rates)","SVN","Slovenia","2014","2014",915.9,,
"CICDALLC","All causes of death","TXCRUDTX","Deaths per 100 000 population (crude rates)","SVN","Slovenia","2015","2015",961.2,,
"CICDALLC","All causes of death","TXCRUDTX","Deaths per 100 000 population (crude rates)","SVN","Slovenia","2016","2016",953.4,,
"CICDALLC","All causes of death","TXCRUDTX","Deaths per 100 000 population (crude rates)","SVN","Slovenia","2017","2017",992.5,,
"CICDALLC","All causes of death","TXCRUDTX","Deaths per 100 000 population (crude rates)","SVN","Slovenia","2018","2018",987.8,,
"CICDALLC","All causes of death","TXCRUDTX","Deaths per 100 000 population (crude rates)","SVN","Slovenia","2019","2019",985.8,,
"CICDALLC","All causes of death","TXCRUDTX","Deaths per 100 000 population (crude rates)","DNK","Denmark","2000","2000",1068.3,,
"CICDALLC","All causes of death","TXCRUDTX","Deaths per 100 000 population (crude rates)","DNK","Denmark","2001","2001",1075.5,,
"CICDALLC","All causes of death","TXCRUDTX","Deaths per 100 000 population (crude rates)","DNK","Denmark","2002","2002",1086.3,,
"CICDALLC","All causes of death","TXCRUDTX","Deaths per 100 000 population (crude rates)","DNK","Denmark","2003","2003",1064.4,,
"CICDALLC","All causes of death","TXCRUDTX","Deaths per 100 000 population (crude rates)","DNK","Denmark","2004","2004",1029.5,,
"CICDALLC","All causes of death","TXCRUDTX","Deaths per 100 000 population (crude rates)","DNK","Denmark","2005","2005",1009.6,,
"CICDALLC","All causes of death","TXCRUDTX","Deaths per 100 000 population (crude rates)","DNK","Denmark","2006","2006",1015.5,,
"CICDALLC","All causes of death","TXCRUDTX","Deaths per 100 000 population (crude rates)","DNK","Denmark","2007","2007",1012.2,,
"CICDALLC","All causes of death","TXCRUDTX","Deaths per 100 000 population (crude rates)","DNK","Denmark","2008","2008",987.8,,
"CICDALLC","All causes of death","TXCRUDTX","Deaths per 100 000 population (crude rates)","DNK","Denmark","2009","2009",987.3,,
"CICDALLC","All causes of death","TXCRUDTX","Deaths per 100 000 population (crude rates)","DNK","Denmark","2010","2010",973.9,,
"CICDALLC","All causes of death","TXCRUDTX","Deaths per 100 000 population (crude rates)","DNK","Denmark","2011","2011",937.2,,
"CICDALLC","All causes of death","TXCRUDTX","Deaths per 100 000 population (crude rates)","DNK","Denmark","2012","2012",930.2,,
"CICDALLC","All causes of death","TXCRUDTX","Deaths per 100 000 population (crude rates)","DNK","Denmark","2013","2013",929.3,,
"CICDALLC","All causes of death","TXCRUDTX","Deaths per 100 000 population (crude rates)","DNK","Denmark","2014","2014",903.6,,
"CICDALLC","All causes of death","TXCRUDTX","Deaths per 100 000 population (crude rates)","DNK","Denmark","2015","2015",918.9,,
"CICDALLC","All causes of death","TXCRUDTX","Deaths per 100 000 population (crude rates)","DNK","Denmark","2016","2016",916.4,,
"CICDALLC","All causes of death","TXCRUDTX","Deaths per 100 000 population (crude rates)","DNK","Denmark","2017","2017",918.4,,
"CICDALLC","All causes of death","TXCRUDTX","Deaths per 100 000 population (crude rates)","DNK","Denmark","2018","2018",946.9,,
"CICDALLC","All causes of death","TXCRUDTX","Deaths per 100 000 population (crude rates)","DEU","Germany","2000","2000",1020.3,,
"CICDALLC","All causes of death","TXCRUDTX","Deaths per 100 000 population (crude rates)","DEU","Germany","2001","2001",1006.1,,
"CICDALLC","All causes of death","TXCRUDTX","Deaths per 100 000 population (crude rates)","DEU","Germany","2002","2002",1020.4,,
"CICDALLC","All causes of death","TXCRUDTX","Deaths per 100 000 population (crude rates)","DEU","Germany","2003","2003",1034.7,,
"CICDALLC","All causes of death","TXCRUDTX","Deaths per 100 000 population (crude rates)","DEU","Germany","2004","2004",991.6,,
"CICDALLC","All causes of death","TXCRUDTX","Deaths per 100 000 population (crude rates)","DEU","Germany","2005","2005",1006.7,,
"CICDALLC","All causes of death","TXCRUDTX","Deaths per 100 000 population (crude rates)","DEU","Germany","2006","2006",997.4,,
"CICDALLC","All causes of death","TXCRUDTX","Deaths per 100 000 population (crude rates)","DEU","Germany","2007","2007",1005.5,,
"CICDALLC","All causes of death","TXCRUDTX","Deaths per 100 000 population (crude rates)","DEU","Germany","2008","2008",1028.4,,
"CICDALLC","All causes of death","TXCRUDTX","Deaths per 100 000 population (crude rates)","DEU","Germany","2009","2009",1043.4,,
"CICDALLC","All causes of death","TXCRUDTX","Deaths per 100 000 population (crude rates)","DEU","Germany","2010","2010",1050.1,,
"CICDALLC","All causes of death","TXCRUDTX","Deaths per 100 000 population (crude rates)","DEU","Germany","2011","2011",1061.8,,
"CICDALLC","All causes of death","TXCRUDTX","Deaths per 100 000 population (crude rates)","DEU","Germany","2012","2012",1081.2,,
"CICDALLC","All causes of death","TXCRUDTX","Deaths per 100 000 population (crude rates)","DEU","Germany","2013","2013",1108.3,,
"CICDALLC","All causes of death","TXCRUDTX","Deaths per 100 000 population (crude rates)","DEU","Germany","2014","2014",1072.3,,
"CICDALLC","All causes of death","TXCRUDTX","Deaths per 100 000 population (crude rates)","DEU","Germany","2015","2015",1132.6,,
"CICDALLC","All causes of death","TXCRUDTX","Deaths per 100 000 population (crude rates)","DEU","Germany","2016","2016",1106.1,,
"CICDALLC","All causes of death","TXCRUDTX","Deaths per 100 000 population (crude rates)","DEU","Germany","2017","2017",1127.9,,
"CICDALLC","All causes of death","TXCRUDTX","Deaths per 100 000 population (crude rates)","DEU","Germany","2018","2018",1151.8,,
"CICDALLC","All causes of death","TXCRUDTX","Deaths per 100 000 population (crude rates)","DEU","Germany","2019","2019",1130.7,,
"CICDALLC","All causes of death","TXCRUDTX","Deaths per 100 000 population (crude rates)","TUR","Turkey","2009","2009",390.8,"D","Difference in methodology"
"CICDALLC","All causes of death","TXCRUDTX","Deaths per 100 000 population (crude rates)","TUR","Turkey","2010","2010",402.6,"D","Difference in methodology"
"CICDALLC","All causes of death","TXCRUDTX","Deaths per 100 000 population (crude rates)","TUR","Turkey","2011","2011",420.7,"D","Difference in methodology"
"CICDALLC","All causes of death","TXCRUDTX","Deaths per 100 000 population (crude rates)","TUR","Turkey","2012","2012",427,"D","Difference in methodology"
"CICDALLC","All causes of death","TXCRUDTX","Deaths per 100 000 population (crude rates)","TUR","Turkey","2013","2013",469.5,"D","Difference in methodology"
"CICDALLC","All causes of death","TXCRUDTX","Deaths per 100 000 population (crude rates)","TUR","Turkey","2014","2014",497,"D","Difference in methodology"
"CICDALLC","All causes of death","TXCRUDTX","Deaths per 100 000 population (crude rates)","TUR","Turkey","2015","2015",507.5,"D","Difference in methodology"
"CICDALLC","All causes of death","TXCRUDTX","Deaths per 100 000 population (crude rates)","TUR","Turkey","2016","2016",529.9,"D","Difference in methodology"
"CICDALLC","All causes of death","TXCRUDTX","Deaths per 100 000 population (crude rates)","TUR","Turkey","2019","2019",527.9,"D","Difference in methodology"
"CICDALLC","All causes of death","TXCRUDTX","Deaths per 100 000 population (crude rates)","USA","United States","2000","2000",851.8,,
"CICDALLC","All causes of death","TXCRUDTX","Deaths per 100 000 population (crude rates)","USA","United States","2001","2001",848,,
"CICDALLC","All causes of death","TXCRUDTX","Deaths per 100 000 population (crude rates)","USA","United States","2002","2002",849.5,,
"CICDALLC","All causes of death","TXCRUDTX","Deaths per 100 000 population (crude rates)","USA","United States","2003","2003",843.9,,
"CICDALLC","All causes of death","TXCRUDTX","Deaths per 100 000 population (crude rates)","USA","United States","2004","2004",818.8,,
"CICDALLC","All causes of death","TXCRUDTX","Deaths per 100 000 population (crude rates)","USA","United States","2005","2005",828.4,,
"CICDALLC","All causes of death","TXCRUDTX","Deaths per 100 000 population (crude rates)","USA","United States","2006","2006",813.2,,
"CICDALLC","All causes of death","TXCRUDTX","Deaths per 100 000 population (crude rates)","USA","United States","2007","2007",804.7,,
"CICDALLC","All causes of death","TXCRUDTX","Deaths per 100 000 population (crude rates)","USA","United States","2008","2008",812.9,,
"CICDALLC","All causes of death","TXCRUDTX","Deaths per 100 000 population (crude rates)","USA","United States","2009","2009",794.7,,
"CICDALLC","All causes of death","TXCRUDTX","Deaths per 100 000 population (crude rates)","USA","United States","2010","2010",798.3,,
"CICDALLC","All causes of death","TXCRUDTX","Deaths per 100 000 population (crude rates)","USA","United States","2011","2011",807.4,,
"CICDALLC","All causes of death","TXCRUDTX","Deaths per 100 000 population (crude rates)","USA","United States","2012","2012",810.4,,
"CICDALLC","All causes of death","TXCRUDTX","Deaths per 100 000 population (crude rates)","USA","United States","2013","2013",821.8,,
"CICDALLC","All causes of death","TXCRUDTX","Deaths per 100 000 population (crude rates)","USA","United States","2014","2014",825.1,,
"CICDALLC","All causes of death","TXCRUDTX","Deaths per 100 000 population (crude rates)","USA","United States","2015","2015",846,,
"CICDALLC","All causes of death","TXCRUDTX","Deaths per 100 000 population (crude rates)","USA","United States","2016","2016",849.8,,
"CICDALLC","All causes of death","TXCRUDTX","Deaths per 100 000 population (crude rates)","USA","United States","2017","2017",865.7,,
"CICDALLC","All causes of death","TXCRUDTX","Deaths per 100 000 population (crude rates)","ISL","Iceland","2000","2000",650,,
"CICDALLC","All causes of death","TXCRUDTX","Deaths per 100 000 population (crude rates)","ISL","Iceland","2001","2001",605.3,,
"CICDALLC","All causes of death","TXCRUDTX","Deaths per 100 000 population (crude rates)","ISL","Iceland","2002","2002",633.7,,
"CICDALLC","All causes of death","TXCRUDTX","Deaths per 100 000 population (crude rates)","ISL","Iceland","2003","2003",630.7,,
"CICDALLC","All causes of death","TXCRUDTX","Deaths per 100 000 population (crude rates)","ISL","Iceland","2004","2004",624.5,,
"CICDALLC","All causes of death","TXCRUDTX","Deaths per 100 000 population (crude rates)","ISL","Iceland","2005","2005",619.1,,
"CICDALLC","All causes of death","TXCRUDTX","Deaths per 100 000 population (crude rates)","ISL","Iceland","2006","2006",626.4,,
"CICDALLC","All causes of death","TXCRUDTX","Deaths per 100 000 population (crude rates)","ISL","Iceland","2007","2007",623.6,,
"CICDALLC","All causes of death","TXCRUDTX","Deaths per 100 000 population (crude rates)","ISL","Iceland","2008","2008",626,,
"CICDALLC","All causes of death","TXCRUDTX","Deaths per 100 000 population (crude rates)","ISL","Iceland","2009","2009",628.6,,
"CICDALLC","All causes of death","TXCRUDTX","Deaths per 100 000 population (crude rates)","ISL","Iceland","2010","2010",634.8,,
"CICDALLC","All causes of death","TXCRUDTX","Deaths per 100 000 population (crude rates)","ISL","Iceland","2011","2011",623.2,,
"CICDALLC","All causes of death","TXCRUDTX","Deaths per 100 000 population (crude rates)","ISL","Iceland","2012","2012",609.6,,
"CICDALLC","All causes of death","TXCRUDTX","Deaths per 100 000 population (crude rates)","ISL","Iceland","2013","2013",666.5,,
"CICDALLC","All causes of death","TXCRUDTX","Deaths per 100 000 population (crude rates)","ISL","Iceland","2014","2014",625.6,,
"CICDALLC","All causes of death","TXCRUDTX","Deaths per 100 000 population (crude rates)","ISL","Iceland","2015","2015",659.6,,
"CICDALLC","All causes of death","TXCRUDTX","Deaths per 100 000 population (crude rates)","ISL","Iceland","2016","2016",688.6,,
"CICDALLC","All causes of death","TXCRUDTX","Deaths per 100 000 population (crude rates)","ISL","Iceland","2017","2017",651.1,,
"CICDALLC","All causes of death","TXCRUDTX","Deaths per 100 000 population (crude rates)","ISL","Iceland","2018","2018",639.3,,
"CICDALLC","All causes of death","TXCRUDTX","Deaths per 100 000 population (crude rates)","ISL","Iceland","2019","2019",629.3,,
"CICDALLC","All causes of death","TXCRUDTX","Deaths per 100 000 population (crude rates)","CRI","Costa Rica","2000","2000",385.9,,
"CICDALLC","All causes of death","TXCRUDTX","Deaths per 100 000 population (crude rates)","CRI","Costa Rica","2001","2001",394.8,,
"CICDALLC","All causes of death","TXCRUDTX","Deaths per 100 000 population (crude rates)","CRI","Costa Rica","2002","2002",373,,
"CICDALLC","All causes of death","TXCRUDTX","Deaths per 100 000 population (crude rates)","CRI","Costa Rica","2003","2003",386.6,,
"CICDALLC","All causes of death","TXCRUDTX","Deaths per 100 000 population (crude rates)","CRI","Costa Rica","2004","2004",396.8,,
"CICDALLC","All causes of death","TXCRUDTX","Deaths per 100 000 population (crude rates)","CRI","Costa Rica","2005","2005",368.2,,
"CICDALLC","All causes of death","TXCRUDTX","Deaths per 100 000 population (crude rates)","CRI","Costa Rica","2006","2006",388.9,,
"CICDALLC","All causes of death","TXCRUDTX","Deaths per 100 000 population (crude rates)","CRI","Costa Rica","2007","2007",367.2,,
"CICDALLC","All causes of death","TXCRUDTX","Deaths per 100 000 population (crude rates)","CRI","Costa Rica","2008","2008",374.2,,
"CICDALLC","All causes of death","TXCRUDTX","Deaths per 100 000 population (crude rates)","CRI","Costa Rica","2009","2009",372.6,,
"CICDALLC","All causes of death","TXCRUDTX","Deaths per 100 000 population (crude rates)","CRI","Costa Rica","2010","2010",418.8,,
"CICDALLC","All causes of death","TXCRUDTX","Deaths per 100 000 population (crude rates)","CRI","Costa Rica","2011","2011",401.9,,
"CICDALLC","All causes of death","TXCRUDTX","Deaths per 100 000 population (crude rates)","CRI","Costa Rica","2012","2012",406.5,,
"CICDALLC","All causes of death","TXCRUDTX","Deaths per 100 000 population (crude rates)","CRI","Costa Rica","2013","2013",410.9,,
"CICDALLC","All causes of death","TXCRUDTX","Deaths per 100 000 population (crude rates)","CRI","Costa Rica","2014","2014",425.1,,
"CICDALLC","All causes of death","TXCRUDTX","Deaths per 100 000 population (crude rates)","CRI","Costa Rica","2015","2015",429.7,,
"CICDALLC","All causes of death","TXCRUDTX","Deaths per 100 000 population (crude rates)","CRI","Costa Rica","2016","2016",456.9,,
"CICDALLC","All causes of death","TXCRUDTX","Deaths per 100 000 population (crude rates)","CRI","Costa Rica","2017","2017",464.1,,
"CICDALLC","All causes of death","TXCRUDTX","Deaths per 100 000 population (crude rates)","CRI","Costa Rica","2019","2019",480.3,,
"CICDALLC","All causes of death","TXCRUDTX","Deaths per 100 000 population (crude rates)","JPN","Japan","2000","2000",757.6,,
"CICDALLC","All causes of death","TXCRUDTX","Deaths per 100 000 population (crude rates)","JPN","Japan","2001","2001",762.3,,
"CICDALLC","All causes of death","TXCRUDTX","Deaths per 100 000 population (crude rates)","JPN","Japan","2002","2002",770.9,,
"CICDALLC","All causes of death","TXCRUDTX","Deaths per 100 000 population (crude rates)","JPN","Japan","2003","2003",795.3,,
"CICDALLC","All causes of death","TXCRUDTX","Deaths per 100 000 population (crude rates)","JPN","Japan","2004","2004",805.6,,
"CICDALLC","All causes of death","TXCRUDTX","Deaths per 100 000 population (crude rates)","JPN","Japan","2005","2005",848.3,,
"CICDALLC","All causes of death","TXCRUDTX","Deaths per 100 000 population (crude rates)","JPN","Japan","2006","2006",847.9,,
"CICDALLC","All causes of death","TXCRUDTX","Deaths per 100 000 population (crude rates)","JPN","Japan","2007","2007",865.7,,
"CICDALLC","All causes of death","TXCRUDTX","Deaths per 100 000 population (crude rates)","JPN","Japan","2008","2008",891.9,,
"CICDALLC","All causes of death","TXCRUDTX","Deaths per 100 000 population (crude rates)","JPN","Japan","2009","2009",891.9,,
"CICDALLC","All causes of death","TXCRUDTX","Deaths per 100 000 population (crude rates)","JPN","Japan","2010","2010",934.7,,
"CICDALLC","All causes of death","TXCRUDTX","Deaths per 100 000 population (crude rates)","JPN","Japan","2011","2011",980.2,,
"CICDALLC","All causes of death","TXCRUDTX","Deaths per 100 000 population (crude rates)","JPN","Japan","2012","2012",984.7,,
"CICDALLC","All causes of death","TXCRUDTX","Deaths per 100 000 population (crude rates)","JPN","Japan","2013","2013",995.5,,
"CICDALLC","All causes of death","TXCRUDTX","Deaths per 100 000 population (crude rates)","JPN","Japan","2014","2014",1000.5,,
"CICDALLC","All causes of death","TXCRUDTX","Deaths per 100 000 population (crude rates)","JPN","Japan","2015","2015",1015.3,,
"CICDALLC","All causes of death","TXCRUDTX","Deaths per 100 000 population (crude rates)","JPN","Japan","2016","2016",1030.3,,
"CICDALLC","All causes of death","TXCRUDTX","Deaths per 100 000 population (crude rates)","JPN","Japan","2017","2017",1057.9,,
"CICDALLC","All causes of death","TXCRUDTX","Deaths per 100 000 population (crude rates)","JPN","Japan","2018","2018",1077.5,,
"CICDALLC","All causes of death","TXCRUDTX","Deaths per 100 000 population (crude rates)","NLD","Netherlands","2000","2000",882.4,,
"CICDALLC","All causes of death","TXCRUDTX","Deaths per 100 000 population (crude rates)","NLD","Netherlands","2001","2001",874.8,,
"CICDALLC","All causes of death","TXCRUDTX","Deaths per 100 000 population (crude rates)","NLD","Netherlands","2002","2002",881.5,,
"CICDALLC","All causes of death","TXCRUDTX","Deaths per 100 000 population (crude rates)","NLD","Netherlands","2003","2003",874.8,,
"CICDALLC","All causes of death","TXCRUDTX","Deaths per 100 000 population (crude rates)","NLD","Netherlands","2004","2004",838.7,,
"CICDALLC","All causes of death","TXCRUDTX","Deaths per 100 000 population (crude rates)","NLD","Netherlands","2005","2005",835.8,,
"CICDALLC","All causes of death","TXCRUDTX","Deaths per 100 000 population (crude rates)","NLD","Netherlands","2006","2006",828.2,,
"CICDALLC","All causes of death","TXCRUDTX","Deaths per 100 000 population (crude rates)","NLD","Netherlands","2007","2007",812,,
"CICDALLC","All causes of death","TXCRUDTX","Deaths per 100 000 population (crude rates)","NLD","Netherlands","2008","2008",821.7,,
"CICDALLC","All causes of death","TXCRUDTX","Deaths per 100 000 population (crude rates)","NLD","Netherlands","2009","2009",812,,
"CICDALLC","All causes of death","TXCRUDTX","Deaths per 100 000 population (crude rates)","NLD","Netherlands","2010","2010",818.9,,
"CICDALLC","All causes of death","TXCRUDTX","Deaths per 100 000 population (crude rates)","NLD","Netherlands","2011","2011",813.2,,
"CICDALLC","All causes of death","TXCRUDTX","Deaths per 100 000 population (crude rates)","NLD","Netherlands","2012","2012",840.4,,
"CICDALLC","All causes of death","TXCRUDTX","Deaths per 100 000 population (crude rates)","NLD","Netherlands","2013","2013",840.5,,
"CICDALLC","All causes of death","TXCRUDTX","Deaths per 100 000 population (crude rates)","NLD","Netherlands","2014","2014",825.5,,
"CICDALLC","All causes of death","TXCRUDTX","Deaths per 100 000 population (crude rates)","NLD","Netherlands","2015","2015",868.6,,
"CICDALLC","All causes of death","TXCRUDTX","Deaths per 100 000 population (crude rates)","NLD","Netherlands","2016","2016",874.9,,
"CICDALLC","All causes of death","TXCRUDTX","Deaths per 100 000 population (crude rates)","NLD","Netherlands","2017","2017",876.8,,
"CICDALLC","All causes of death","TXCRUDTX","Deaths per 100 000 population (crude rates)","NLD","Netherlands","2018","2018",890,,
"CICDALLC","All causes of death","TXCRUDTX","Deaths per 100 000 population (crude rates)","CZE","Czech Republic","2000","2000",1062.9,,
"CICDALLC","All causes of death","TXCRUDTX","Deaths per 100 000 population (crude rates)","CZE","Czech Republic","2001","2001",1054.7,,
"CICDALLC","All causes of death","TXCRUDTX","Deaths per 100 000 population (crude rates)","CZE","Czech Republic","2002","2002",1061.5,,
"CICDALLC","All causes of death","TXCRUDTX","Deaths per 100 000 population (crude rates)","CZE","Czech Republic","2003","2003",1091.7,,
"CICDALLC","All causes of death","TXCRUDTX","Deaths per 100 000 population (crude rates)","CZE","Czech Republic","2004","2004",1051.1,,
"CICDALLC","All causes of death","TXCRUDTX","Deaths per 100 000 population (crude rates)","CZE","Czech Republic","2005","2005",1057.1,,
"CICDALLC","All causes of death","TXCRUDTX","Deaths per 100 000 population (crude rates)","CZE","Czech Republic","2006","2006",1020,,
"CICDALLC","All causes of death","TXCRUDTX","Deaths per 100 000 population (crude rates)","CZE","Czech Republic","2007","2007",1016,,
"CICDALLC","All causes of death","TXCRUDTX","Deaths per 100 000 population (crude rates)","CZE","Czech Republic","2008","2008",1010.6,,
"CICDALLC","All causes of death","TXCRUDTX","Deaths per 100 000 population (crude rates)","CZE","Czech Republic","2009","2009",1028.5,,
"CICDALLC","All causes of death","TXCRUDTX","Deaths per 100 000 population (crude rates)","CZE","Czech Republic","2010","2010",1020,,
"CICDALLC","All causes of death","TXCRUDTX","Deaths per 100 000 population (crude rates)","CZE","Czech Republic","2011","2011",1018,,
"CICDALLC","All causes of death","TXCRUDTX","Deaths per 100 000 population (crude rates)","CZE","Czech Republic","2012","2012",1029.3,,
"CICDALLC","All causes of death","TXCRUDTX","Deaths per 100 000 population (crude rates)","CZE","Czech Republic","2013","2013",1038.2,,
"CICDALLC","All causes of death","TXCRUDTX","Deaths per 100 000 population (crude rates)","CZE","Czech Republic","2014","2014",1003.9,,
"CICDALLC","All causes of death","TXCRUDTX","Deaths per 100 000 population (crude rates)","CZE","Czech Republic","2015","2015",1054.2,,
"CICDALLC","All causes of death","TXCRUDTX","Deaths per 100 000 population (crude rates)","CZE","Czech Republic","2016","2016",1019.7,,
"CICDALLC","All causes of death","TXCRUDTX","Deaths per 100 000 population (crude rates)","CZE","Czech Republic","2017","2017",1051.9,,
"CICDALLC","All causes of death","TXCRUDTX","Deaths per 100 000 population (crude rates)","CZE","Czech Republic","2018","2018",1062.3,,
"CICDALLC","All causes of death","TXCRUDTX","Deaths per 100 000 population (crude rates)","CZE","Czech Republic","2019","2019",1052.9,,
"CICDALLC","All causes of death","TXCRUDTX","Deaths per 100 000 population (crude rates)","COL","Colombia","2000","2000",464.7,,
"CICDALLC","All causes of death","TXCRUDTX","Deaths per 100 000 population (crude rates)","COL","Colombia","2001","2001",468.8,,
"CICDALLC","All causes of death","TXCRUDTX","Deaths per 100 000 population (crude rates)","COL","Colombia","2002","2002",464.6,,
"CICDALLC","All causes of death","TXCRUDTX","Deaths per 100 000 population (crude rates)","COL","Colombia","2003","2003",453.5,,
"CICDALLC","All causes of death","TXCRUDTX","Deaths per 100 000 population (crude rates)","COL","Colombia","2004","2004",445.5,,
"CICDALLC","All causes of death","TXCRUDTX","Deaths per 100 000 population (crude rates)","COL","Colombia","2005","2005",440.2,,
"CICDALLC","All causes of death","TXCRUDTX","Deaths per 100 000 population (crude rates)","COL","Colombia","2006","2006",444.1,,
"CICDALLC","All causes of death","TXCRUDTX","Deaths per 100 000 population (crude rates)","COL","Colombia","2007","2007",436.3,,
"CICDALLC","All causes of death","TXCRUDTX","Deaths per 100 000 population (crude rates)","COL","Colombia","2008","2008",442.5,,
"CICDALLC","All causes of death","TXCRUDTX","Deaths per 100 000 population (crude rates)","COL","Colombia","2009","2009",437.3,,
"CICDALLC","All causes of death","TXCRUDTX","Deaths per 100 000 population (crude rates)","COL","Colombia","2010","2010",440.6,,
"CICDALLC","All causes of death","TXCRUDTX","Deaths per 100 000 population (crude rates)","COL","Colombia","2011","2011",425.2,,
"CICDALLC","All causes of death","TXCRUDTX","Deaths per 100 000 population (crude rates)","COL","Colombia","2012","2012",428.7,,
"CICDALLC","All causes of death","TXCRUDTX","Deaths per 100 000 population (crude rates)","COL","Colombia","2013","2013",430.9,,
"CICDALLC","All causes of death","TXCRUDTX","Deaths per 100 000 population (crude rates)","COL","Colombia","2014","2014",440.7,,
"CICDALLC","All causes of death","TXCRUDTX","Deaths per 100 000 population (crude rates)","COL","Colombia","2015","2015",455.2,,
"CICDALLC","All causes of death","TXCRUDTX","Deaths per 100 000 population (crude rates)","COL","Colombia","2016","2016",457.6,,
"CICDALLC","All causes of death","TXCRUDTX","Deaths per 100 000 population (crude rates)","COL","Colombia","2017","2017",461.7,,
"CICDALLC","All causes of death","TXCRUDTX","Deaths per 100 000 population (crude rates)","LUX","Luxembourg","2000","2000",866.4,,
"CICDALLC","All causes of death","TXCRUDTX","Deaths per 100 000 population (crude rates)","LUX","Luxembourg","2001","2001",845.9,,
"CICDALLC","All causes of death","TXCRUDTX","Deaths per 100 000 population (crude rates)","LUX","Luxembourg","2002","2002",840.9,,
"CICDALLC","All causes of death","TXCRUDTX","Deaths per 100 000 population (crude rates)","LUX","Luxembourg","2003","2003",906.7,,
"CICDALLC","All causes of death","TXCRUDTX","Deaths per 100 000 population (crude rates)","LUX","Luxembourg","2004","2004",778.8,,
"CICDALLC","All causes of death","TXCRUDTX","Deaths per 100 000 population (crude rates)","LUX","Luxembourg","2005","2005",782.6,,
"CICDALLC","All causes of death","TXCRUDTX","Deaths per 100 000 population (crude rates)","LUX","Luxembourg","2006","2006",805.2,,
"CICDALLC","All causes of death","TXCRUDTX","Deaths per 100 000 population (crude rates)","LUX","Luxembourg","2007","2007",809.9,,
"CICDALLC","All causes of death","TXCRUDTX","Deaths per 100 000 population (crude rates)","LUX","Luxembourg","2008","2008",741.4,,
"CICDALLC","All causes of death","TXCRUDTX","Deaths per 100 000 population (crude rates)","LUX","Luxembourg","2009","2009",758.1,,
"CICDALLC","All causes of death","TXCRUDTX","Deaths per 100 000 population (crude rates)","LUX","Luxembourg","2010","2010",765.4,,
"CICDALLC","All causes of death","TXCRUDTX","Deaths per 100 000 population (crude rates)","LUX","Luxembourg","2011","2011",772.4,,
"CICDALLC","All causes of death","TXCRUDTX","Deaths per 100 000 population (crude rates)","LUX","Luxembourg","2012","2012",755.4,,
"CICDALLC","All causes of death","TXCRUDTX","Deaths per 100 000 population (crude rates)","LUX","Luxembourg","2013","2013",731.4,,
"CICDALLC","All causes of death","TXCRUDTX","Deaths per 100 000 population (crude rates)","LUX","Luxembourg","2014","2014",725.5,,
"CICDALLC","All causes of death","TXCRUDTX","Deaths per 100 000 population (crude rates)","LUX","Luxembourg","2015","2015",740.9,,
"CICDALLC","All causes of death","TXCRUDTX","Deaths per 100 000 population (crude rates)","LUX","Luxembourg","2016","2016",732.4,,
"CICDALLC","All causes of death","TXCRUDTX","Deaths per 100 000 population (crude rates)","LUX","Luxembourg","2017","2017",748.6,,
"CICDALLC","All causes of death","TXCRUDTX","Deaths per 100 000 population (crude rates)","LUX","Luxembourg","2018","2018",733.6,,
"CICDALLC","All causes of death","TXCRUDTX","Deaths per 100 000 population (crude rates)","MEX","Mexico","2000","2000",442.9,,
"CICDALLC","All causes of death","TXCRUDTX","Deaths per 100 000 population (crude rates)","MEX","Mexico","2001","2001",440.2,,
"CICDALLC","All causes of death","TXCRUDTX","Deaths per 100 000 population (crude rates)","MEX","Mexico","2002","2002",450.6,,
"CICDALLC","All causes of death","TXCRUDTX","Deaths per 100 000 population (crude rates)","MEX","Mexico","2003","2003",457.1,,
"CICDALLC","All causes of death","TXCRUDTX","Deaths per 100 000 population (crude rates)","MEX","Mexico","2004","2004",452.2,,
"CICDALLC","All causes of death","TXCRUDTX","Deaths per 100 000 population (crude rates)","MEX","Mexico","2005","2005",467.3,,
"CICDALLC","All causes of death","TXCRUDTX","Deaths per 100 000 population (crude rates)","MEX","Mexico","2006","2006",460.2,,
"CICDALLC","All causes of death","TXCRUDTX","Deaths per 100 000 population (crude rates)","MEX","Mexico","2007","2007",461.6,,
"CICDALLC","All causes of death","TXCRUDTX","Deaths per 100 000 population (crude rates)","MEX","Mexico","2008","2008",485.6,,
"CICDALLC","All causes of death","TXCRUDTX","Deaths per 100 000 population (crude rates)","MEX","Mexico","2009","2009",491.3,,
"CICDALLC","All causes of death","TXCRUDTX","Deaths per 100 000 population (crude rates)","MEX","Mexico","2010","2010",508.4,,
"CICDALLC","All causes of death","TXCRUDTX","Deaths per 100 000 population (crude rates)","MEX","Mexico","2011","2011",499.4,,
"CICDALLC","All causes of death","TXCRUDTX","Deaths per 100 000 population (crude rates)","MEX","Mexico","2012","2012",502.3,,
"CICDALLC","All causes of death","TXCRUDTX","Deaths per 100 000 population (crude rates)","MEX","Mexico","2013","2013",502.9,,
"CICDALLC","All causes of death","TXCRUDTX","Deaths per 100 000 population (crude rates)","MEX","Mexico","2014","2014",515.1,,
"CICDALLC","All causes of death","TXCRUDTX","Deaths per 100 000 population (crude rates)","MEX","Mexico","2015","2015",527.9,,
"CICDALLC","All causes of death","TXCRUDTX","Deaths per 100 000 population (crude rates)","MEX","Mexico","2016","2016",547,,
"CICDALLC","All causes of death","TXCRUDTX","Deaths per 100 000 population (crude rates)","MEX","Mexico","2017","2017",554.7,,
"CICDALLC","All causes of death","TXCRUDTX","Deaths per 100 000 population (crude rates)","FRA","France","2000","2000",873.7,"B","Break"
"CICDALLC","All causes of death","TXCRUDTX","Deaths per 100 000 population (crude rates)","FRA","France","2001","2001",867.7,,
"CICDALLC","All causes of death","TXCRUDTX","Deaths per 100 000 population (crude rates)","FRA","France","2002","2002",868.1,,
"CICDALLC","All causes of death","TXCRUDTX","Deaths per 100 000 population (crude rates)","FRA","France","2003","2003",889.7,,
"CICDALLC","All causes of death","TXCRUDTX","Deaths per 100 000 population (crude rates)","FRA","France","2004","2004",814.6,,
"CICDALLC","All causes of death","TXCRUDTX","Deaths per 100 000 population (crude rates)","FRA","France","2005","2005",837.3,,
"CICDALLC","All causes of death","TXCRUDTX","Deaths per 100 000 population (crude rates)","FRA","France","2006","2006",813.3,,
"CICDALLC","All causes of death","TXCRUDTX","Deaths per 100 000 population (crude rates)","FRA","France","2007","2007",815.6,,
"CICDALLC","All causes of death","TXCRUDTX","Deaths per 100 000 population (crude rates)","FRA","France","2008","2008",829.7,,
"CICDALLC","All causes of death","TXCRUDTX","Deaths per 100 000 population (crude rates)","FRA","France","2009","2009",832.8,,
"CICDALLC","All causes of death","TXCRUDTX","Deaths per 100 000 population (crude rates)","FRA","France","2010","2010",835.5,,
"CICDALLC","All causes of death","TXCRUDTX","Deaths per 100 000 population (crude rates)","FRA","France","2011","2011",824,,
"CICDALLC","All causes of death","TXCRUDTX","Deaths per 100 000 population (crude rates)","FRA","France","2012","2012",853.4,,
"CICDALLC","All causes of death","TXCRUDTX","Deaths per 100 000 population (crude rates)","FRA","France","2013","2013",845.4,,
"CICDALLC","All causes of death","TXCRUDTX","Deaths per 100 000 population (crude rates)","FRA","France","2014","2014",821.3,,
"CICDALLC","All causes of death","TXCRUDTX","Deaths per 100 000 population (crude rates)","FRA","France","2015","2015",871.4,,
"CICDALLC","All causes of death","TXCRUDTX","Deaths per 100 000 population (crude rates)","FRA","France","2016","2016",868.5,,
"CICDALLC","All causes of death","TXCRUDTX","Deaths per 100 000 population (crude rates)","PRT","Portugal","2000","2000",1028.3,,
"CICDALLC","All causes of death","TXCRUDTX","Deaths per 100 000 population (crude rates)","PRT","Portugal","2001","2001",1018.9,,
"CICDALLC","All causes of death","TXCRUDTX","Deaths per 100 000 population (crude rates)","PRT","Portugal","2002","2002",1023.9,"B","Break"
"CICDALLC","All causes of death","TXCRUDTX","Deaths per 100 000 population (crude rates)","PRT","Portugal","2003","2003",1043.6,,
"CICDALLC","All causes of death","TXCRUDTX","Deaths per 100 000 population (crude rates)","PRT","Portugal","2007","2007",985.4,,
"CICDALLC","All causes of death","TXCRUDTX","Deaths per 100 000 population (crude rates)","PRT","Portugal","2008","2008",992.3,,
"CICDALLC","All causes of death","TXCRUDTX","Deaths per 100 000 population (crude rates)","PRT","Portugal","2009","2009",993.2,,
"CICDALLC","All causes of death","TXCRUDTX","Deaths per 100 000 population (crude rates)","PRT","Portugal","2010","2010",1004.8,,
"CICDALLC","All causes of death","TXCRUDTX","Deaths per 100 000 population (crude rates)","PRT","Portugal","2011","2011",977.5,,
"CICDALLC","All causes of death","TXCRUDTX","Deaths per 100 000 population (crude rates)","PRT","Portugal","2012","2012",1026.8,,
"CICDALLC","All causes of death","TXCRUDTX","Deaths per 100 000 population (crude rates)","PRT","Portugal","2013","2013",1022,,
"CICDALLC","All causes of death","TXCRUDTX","Deaths per 100 000 population (crude rates)","PRT","Portugal","2014","2014",1011.6,,
"CICDALLC","All causes of death","TXCRUDTX","Deaths per 100 000 population (crude rates)","PRT","Portugal","2015","2015",1051.6,,
"CICDALLC","All causes of death","TXCRUDTX","Deaths per 100 000 population (crude rates)","PRT","Portugal","2016","2016",1074.7,,
"CICDALLC","All causes of death","TXCRUDTX","Deaths per 100 000 population (crude rates)","PRT","Portugal","2017","2017",1069.7,,
"CICDALLC","All causes of death","TXCRUDTX","Deaths per 100 000 population (crude rates)","PRT","Portugal","2018","2018",1104.4,,
"CICDALLC","All causes of death","TXCRUDTX","Deaths per 100 000 population (crude rates)","SWE","Sweden","2000","2000",1054,,
"CICDALLC","All causes of death","TXCRUDTX","Deaths per 100 000 population (crude rates)","SWE","Sweden","2001","2001",1054.5,,
"CICDALLC","All causes of death","TXCRUDTX","Deaths per 100 000 population (crude rates)","SWE","Sweden","2002","2002",1065.2,,
"CICDALLC","All causes of death","TXCRUDTX","Deaths per 100 000 population (crude rates)","SWE","Sweden","2003","2003",1038.2,,
"CICDALLC","All causes of death","TXCRUDTX","Deaths per 100 000 population (crude rates)","SWE","Sweden","2004","2004",1012.7,,
"CICDALLC","All causes of death","TXCRUDTX","Deaths per 100 000 population (crude rates)","SWE","Sweden","2005","2005",1016.4,,
"CICDALLC","All causes of death","TXCRUDTX","Deaths per 100 000 population (crude rates)","SWE","Sweden","2006","2006",1005.1,,
"CICDALLC","All causes of death","TXCRUDTX","Deaths per 100 000 population (crude rates)","SWE","Sweden","2007","2007",1003.7,,
"CICDALLC","All causes of death","TXCRUDTX","Deaths per 100 000 population (crude rates)","SWE","Sweden","2008","2008",992.9,,
"CICDALLC","All causes of death","TXCRUDTX","Deaths per 100 000 population (crude rates)","SWE","Sweden","2009","2009",969.8,,
"CICDALLC","All causes of death","TXCRUDTX","Deaths per 100 000 population (crude rates)","SWE","Sweden","2010","2010",965.2,,
"CICDALLC","All causes of death","TXCRUDTX","Deaths per 100 000 population (crude rates)","SWE","Sweden","2011","2011",951.8,,
"CICDALLC","All causes of death","TXCRUDTX","Deaths per 100 000 population (crude rates)","SWE","Sweden","2012","2012",966.3,,
"CICDALLC","All causes of death","TXCRUDTX","Deaths per 100 000 population (crude rates)","SWE","Sweden","2013","2013",942.7,,
"CICDALLC","All causes of death","TXCRUDTX","Deaths per 100 000 population (crude rates)","SWE","Sweden","2014","2014",918.5,,
"CICDALLC","All causes of death","TXCRUDTX","Deaths per 100 000 population (crude rates)","SWE","Sweden","2015","2015",928.7,,
"CICDALLC","All causes of death","TXCRUDTX","Deaths per 100 000 population (crude rates)","SWE","Sweden","2016","2016",917.8,,
"CICDALLC","All causes of death","TXCRUDTX","Deaths per 100 000 population (crude rates)","SWE","Sweden","2017","2017",915.5,,
"CICDALLC","All causes of death","TXCRUDTX","Deaths per 100 000 population (crude rates)","SWE","Sweden","2018","2018",906.6,,
"CICDALLC","All causes of death","TXCRUDTX","Deaths per 100 000 population (crude rates)","AUT","Austria","2000","2000",958.4,,
"CICDALLC","All causes of death","TXCRUDTX","Deaths per 100 000 population (crude rates)","AUT","Austria","2001","2001",929.7,,
"CICDALLC","All causes of death","TXCRUDTX","Deaths per 100 000 population (crude rates)","AUT","Austria","2002","2002",942,"B","Break"
"CICDALLC","All causes of death","TXCRUDTX","Deaths per 100 000 population (crude rates)","AUT","Austria","2003","2003",950.7,,
"CICDALLC","All causes of death","TXCRUDTX","Deaths per 100 000 population (crude rates)","AUT","Austria","2004","2004",909.1,,
"CICDALLC","All causes of death","TXCRUDTX","Deaths per 100 000 population (crude rates)","AUT","Austria","2005","2005",913.8,,
"CICDALLC","All causes of death","TXCRUDTX","Deaths per 100 000 population (crude rates)","AUT","Austria","2006","2006",898.5,,
"CICDALLC","All causes of death","TXCRUDTX","Deaths per 100 000 population (crude rates)","AUT","Austria","2007","2007",899.6,,
"CICDALLC","All causes of death","TXCRUDTX","Deaths per 100 000 population (crude rates)","AUT","Austria","2008","2008",902.3,,
"CICDALLC","All causes of death","TXCRUDTX","Deaths per 100 000 population (crude rates)","AUT","Austria","2009","2009",927.5,,
"CICDALLC","All causes of death","TXCRUDTX","Deaths per 100 000 population (crude rates)","AUT","Austria","2010","2010",923.1,,
"CICDALLC","All causes of death","TXCRUDTX","Deaths per 100 000 population (crude rates)","AUT","Austria","2011","2011",911.4,,
"CICDALLC","All causes of death","TXCRUDTX","Deaths per 100 000 population (crude rates)","AUT","Austria","2012","2012",942.3,,
"CICDALLC","All causes of death","TXCRUDTX","Deaths per 100 000 population (crude rates)","AUT","Austria","2013","2013",937.8,,
"CICDALLC","All causes of death","TXCRUDTX","Deaths per 100 000 population (crude rates)","AUT","Austria","2014","2014",915.6,,
"CICDALLC","All causes of death","TXCRUDTX","Deaths per 100 000 population (crude rates)","AUT","Austria","2015","2015",961.2,,
"CICDALLC","All causes of death","TXCRUDTX","Deaths per 100 000 population (crude rates)","AUT","Austria","2016","2016",923.3,,
"CICDALLC","All causes of death","TXCRUDTX","Deaths per 100 000 population (crude rates)","AUT","Austria","2017","2017",946.5,,
"CICDALLC","All causes of death","TXCRUDTX","Deaths per 100 000 population (crude rates)","AUT","Austria","2018","2018",949.9,,
"CICDALLC","All causes of death","TXCRUDTX","Deaths per 100 000 population (crude rates)","AUT","Austria","2019","2019",939,,
"CICDALLC","All causes of death","TXCRUDTX","Deaths per 100 000 population (crude rates)","ISR","Israel","2000","2000",599.2,,
"CICDALLC","All causes of death","TXCRUDTX","Deaths per 100 000 population (crude rates)","ISR","Israel","2001","2001",577.5,,
"CICDALLC","All causes of death","TXCRUDTX","Deaths per 100 000 population (crude rates)","ISR","Israel","2002","2002",583,,
"CICDALLC","All causes of death","TXCRUDTX","Deaths per 100 000 population (crude rates)","ISR","Israel","2003","2003",573.4,,
"CICDALLC","All causes of death","TXCRUDTX","Deaths per 100 000 population (crude rates)","ISR","Israel","2004","2004",554.5,,
"CICDALLC","All causes of death","TXCRUDTX","Deaths per 100 000 population (crude rates)","ISR","Israel","2005","2005",561.3,,
"CICDALLC","All causes of death","TXCRUDTX","Deaths per 100 000 population (crude rates)","ISR","Israel","2006","2006",546.7,,
"CICDALLC","All causes of death","TXCRUDTX","Deaths per 100 000 population (crude rates)","ISR","Israel","2007","2007",556.4,,
"CICDALLC","All causes of death","TXCRUDTX","Deaths per 100 000 population (crude rates)","ISR","Israel","2008","2008",536.9,,
"CICDALLC","All causes of death","TXCRUDTX","Deaths per 100 000 population (crude rates)","ISR","Israel","2009","2009",515.6,,
"CICDALLC","All causes of death","TXCRUDTX","Deaths per 100 000 population (crude rates)","ISR","Israel","2010","2010",517.1,,
"CICDALLC","All causes of death","TXCRUDTX","Deaths per 100 000 population (crude rates)","ISR","Israel","2011","2011",523.7,,
"CICDALLC","All causes of death","TXCRUDTX","Deaths per 100 000 population (crude rates)","ISR","Israel","2012","2012",529.4,,
"CICDALLC","All causes of death","TXCRUDTX","Deaths per 100 000 population (crude rates)","ISR","Israel","2013","2013",514.7,,
"CICDALLC","All causes of death","TXCRUDTX","Deaths per 100 000 population (crude rates)","ISR","Israel","2014","2014",513.3,,
"CICDALLC","All causes of death","TXCRUDTX","Deaths per 100 000 population (crude rates)","ISR","Israel","2015","2015",528.2,,
"CICDALLC","All causes of death","TXCRUDTX","Deaths per 100 000 population (crude rates)","ISR","Israel","2016","2016",514.5,,
"CICDALLC","All causes of death","TXCRUDTX","Deaths per 100 000 population (crude rates)","ISR","Israel","2017","2017",511.8,,
"CICDALLC","All causes of death","TXCRUDTX","Deaths per 100 000 population (crude rates)","ISR","Israel","2018","2018",501.4,,
"CICDALLC","All causes of death","TXCRUDTX","Deaths per 100 000 population (crude rates)","NZL","New Zealand","2000","2000",692.6,"B","Break"
"CICDALLC","All causes of death","TXCRUDTX","Deaths per 100 000 population (crude rates)","NZL","New Zealand","2001","2001",724.9,,
"CICDALLC","All causes of death","TXCRUDTX","Deaths per 100 000 population (crude rates)","NZL","New Zealand","2002","2002",718.2,,
"CICDALLC","All causes of death","TXCRUDTX","Deaths per 100 000 population (crude rates)","NZL","New Zealand","2003","2003",696.8,,
"CICDALLC","All causes of death","TXCRUDTX","Deaths per 100 000 population (crude rates)","NZL","New Zealand","2004","2004",700.8,,
"CICDALLC","All causes of death","TXCRUDTX","Deaths per 100 000 population (crude rates)","NZL","New Zealand","2005","2005",656.5,,
"CICDALLC","All causes of death","TXCRUDTX","Deaths per 100 000 population (crude rates)","NZL","New Zealand","2006","2006",678.4,,
"CICDALLC","All causes of death","TXCRUDTX","Deaths per 100 000 population (crude rates)","NZL","New Zealand","2007","2007",677.1,,
"CICDALLC","All causes of death","TXCRUDTX","Deaths per 100 000 population (crude rates)","NZL","New Zealand","2008","2008",688.1,,
"CICDALLC","All causes of death","TXCRUDTX","Deaths per 100 000 population (crude rates)","NZL","New Zealand","2009","2009",678.8,,
"CICDALLC","All causes of death","TXCRUDTX","Deaths per 100 000 population (crude rates)","NZL","New Zealand","2010","2010",658.5,,
"CICDALLC","All causes of death","TXCRUDTX","Deaths per 100 000 population (crude rates)","NZL","New Zealand","2011","2011",690.9,,
"CICDALLC","All causes of death","TXCRUDTX","Deaths per 100 000 population (crude rates)","NZL","New Zealand","2012","2012",686.8,,
"CICDALLC","All causes of death","TXCRUDTX","Deaths per 100 000 population (crude rates)","NZL","New Zealand","2013","2013",667.2,,
"CICDALLC","All causes of death","TXCRUDTX","Deaths per 100 000 population (crude rates)","NZL","New Zealand","2014","2014",690,,
"CICDALLC","All causes of death","TXCRUDTX","Deaths per 100 000 population (crude rates)","NZL","New Zealand","2015","2015",689.8,,
"CICDALLC","All causes of death","TXCRUDTX","Deaths per 100 000 population (crude rates)","NZL","New Zealand","2016","2016",666,,
"CICDALLC","All causes of death","TXCRUDTX","Deaths per 100 000 population (crude rates)","CHE","Switzerland","2000","2000",870.6,,
"CICDALLC","All causes of death","TXCRUDTX","Deaths per 100 000 population (crude rates)","CHE","Switzerland","2001","2001",847.6,,
"CICDALLC","All causes of death","TXCRUDTX","Deaths per 100 000 population (crude rates)","CHE","Switzerland","2002","2002",847.9,,
"CICDALLC","All causes of death","TXCRUDTX","Deaths per 100 000 population (crude rates)","CHE","Switzerland","2003","2003",859.4,,
"CICDALLC","All causes of death","TXCRUDTX","Deaths per 100 000 population (crude rates)","CHE","Switzerland","2004","2004",814.4,,
"CICDALLC","All causes of death","TXCRUDTX","Deaths per 100 000 population (crude rates)","CHE","Switzerland","2005","2005",821.9,,
"CICDALLC","All causes of death","TXCRUDTX","Deaths per 100 000 population (crude rates)","CHE","Switzerland","2006","2006",805.5,,
"CICDALLC","All causes of death","TXCRUDTX","Deaths per 100 000 population (crude rates)","CHE","Switzerland","2007","2007",809,,
"CICDALLC","All causes of death","TXCRUDTX","Deaths per 100 000 population (crude rates)","CHE","Switzerland","2008","2008",800.7,,
"CICDALLC","All causes of death","TXCRUDTX","Deaths per 100 000 population (crude rates)","CHE","Switzerland","2009","2009",806.2,,
"CICDALLC","All causes of death","TXCRUDTX","Deaths per 100 000 population (crude rates)","CHE","Switzerland","2010","2010",800.6,,
"CICDALLC","All causes of death","TXCRUDTX","Deaths per 100 000 population (crude rates)","CHE","Switzerland","2011","2011",784.7,,
"CICDALLC","All causes of death","TXCRUDTX","Deaths per 100 000 population (crude rates)","CHE","Switzerland","2012","2012",802.5,,
"CICDALLC","All causes of death","TXCRUDTX","Deaths per 100 000 population (crude rates)","CHE","Switzerland","2013","2013",803,,
"CICDALLC","All causes of death","TXCRUDTX","Deaths per 100 000 population (crude rates)","CHE","Switzerland","2014","2014",779.9,,
"CICDALLC","All causes of death","TXCRUDTX","Deaths per 100 000 population (crude rates)","CHE","Switzerland","2015","2015",816.3,,
"CICDALLC","All causes of death","TXCRUDTX","Deaths per 100 000 population (crude rates)","CHE","Switzerland","2016","2016",775.8,,
"CICDALLC","All causes of death","TXCRUDTX","Deaths per 100 000 population (crude rates)","CHE","Switzerland","2017","2017",792.4,,
"CICDALLC","All causes of death","TXCRUDTX","Deaths per 100 000 population (crude rates)","LVA","Latvia","2000","2000",1360.3,,
"CICDALLC","All causes of death","TXCRUDTX","Deaths per 100 000 population (crude rates)","LVA","Latvia","2001","2001",1411.6,,
"CICDALLC","All causes of death","TXCRUDTX","Deaths per 100 000 population (crude rates)","LVA","Latvia","2002","2002",1406.7,,
"CICDALLC","All causes of death","TXCRUDTX","Deaths per 100 000 population (crude rates)","LVA","Latvia","2003","2003",1417.7,,
"CICDALLC","All causes of death","TXCRUDTX","Deaths per 100 000 population (crude rates)","LVA","Latvia","2004","2004",1415.8,,
"CICDALLC","All causes of death","TXCRUDTX","Deaths per 100 000 population (crude rates)","LVA","Latvia","2005","2005",1464,,
"CICDALLC","All causes of death","TXCRUDTX","Deaths per 100 000 population (crude rates)","LVA","Latvia","2006","2006",1492.8,,
"CICDALLC","All causes of death","TXCRUDTX","Deaths per 100 000 population (crude rates)","LVA","Latvia","2007","2007",1502.3,,
"CICDALLC","All causes of death","TXCRUDTX","Deaths per 100 000 population (crude rates)","LVA","Latvia","2008","2008",1425.2,,
"CICDALLC","All causes of death","TXCRUDTX","Deaths per 100 000 population (crude rates)","LVA","Latvia","2009","2009",1397.8,,
"CICDALLC","All causes of death","TXCRUDTX","Deaths per 100 000 population (crude rates)","LVA","Latvia","2010","2010",1434,,
"CICDALLC","All causes of death","TXCRUDTX","Deaths per 100 000 population (crude rates)","LVA","Latvia","2011","2011",1386.1,,
"CICDALLC","All causes of death","TXCRUDTX","Deaths per 100 000 population (crude rates)","LVA","Latvia","2012","2012",1428.2,,
"CICDALLC","All causes of death","TXCRUDTX","Deaths per 100 000 population (crude rates)","LVA","Latvia","2013","2013",1425.3,,
"CICDALLC","All causes of death","TXCRUDTX","Deaths per 100 000 population (crude rates)","LVA","Latvia","2014","2014",1414.4,,
"CICDALLC","All causes of death","TXCRUDTX","Deaths per 100 000 population (crude rates)","LVA","Latvia","2015","2015",1425.3,,
"CICDALLC","All causes of death","TXCRUDTX","Deaths per 100 000 population (crude rates)","LVA","Latvia","2016","2016",1439.9,,
"CICDALLC","All causes of death","TXCRUDTX","Deaths per 100 000 population (crude rates)","LVA","Latvia","2017","2017",1465.3,,
"CICDALLC","All causes of death","TXCRUDTX","Deaths per 100 000 population (crude rates)","LVA","Latvia","2018","2018",1480.4,,
"CICDALLC","All causes of death","TXCRUDTX","Deaths per 100 000 population (crude rates)","HUN","Hungary","2000","2000",1328,,
"CICDALLC","All causes of death","TXCRUDTX","Deaths per 100 000 population (crude rates)","HUN","Hungary","2001","2001",1297.5,,
"CICDALLC","All causes of death","TXCRUDTX","Deaths per 100 000 population (crude rates)","HUN","Hungary","2002","2002",1307.6,,
"CICDALLC","All causes of death","TXCRUDTX","Deaths per 100 000 population (crude rates)","HUN","Hungary","2003","2003",1340.9,,
"CICDALLC","All causes of death","TXCRUDTX","Deaths per 100 000 population (crude rates)","HUN","Hungary","2004","2004",1310.9,,
"CICDALLC","All causes of death","TXCRUDTX","Deaths per 100 000 population (crude rates)","HUN","Hungary","2005","2005",1345.6,,
"CICDALLC","All causes of death","TXCRUDTX","Deaths per 100 000 population (crude rates)","HUN","Hungary","2006","2006",1306.7,,
"CICDALLC","All causes of death","TXCRUDTX","Deaths per 100 000 population (crude rates)","HUN","Hungary","2007","2007",1322,,
"CICDALLC","All causes of death","TXCRUDTX","Deaths per 100 000 population (crude rates)","HUN","Hungary","2008","2008",1295.3,,
"CICDALLC","All causes of death","TXCRUDTX","Deaths per 100 000 population (crude rates)","HUN","Hungary","2009","2009",1301.2,,
"CICDALLC","All causes of death","TXCRUDTX","Deaths per 100 000 population (crude rates)","HUN","Hungary","2010","2010",1304.6,,
"CICDALLC","All causes of death","TXCRUDTX","Deaths per 100 000 population (crude rates)","HUN","Hungary","2011","2011",1291.6,,
"CICDALLC","All causes of death","TXCRUDTX","Deaths per 100 000 population (crude rates)","HUN","Hungary","2012","2012",1304.8,,
"CICDALLC","All causes of death","TXCRUDTX","Deaths per 100 000 population (crude rates)","HUN","Hungary","2013","2013",1281.5,,
"CICDALLC","All causes of death","TXCRUDTX","Deaths per 100 000 population (crude rates)","HUN","Hungary","2014","2014",1280.2,,
"CICDALLC","All causes of death","TXCRUDTX","Deaths per 100 000 population (crude rates)","HUN","Hungary","2015","2015",1338,,
"CICDALLC","All causes of death","TXCRUDTX","Deaths per 100 000 population (crude rates)","HUN","Hungary","2016","2016",1294.6,,
"CICDALLC","All causes of death","TXCRUDTX","Deaths per 100 000 population (crude rates)","HUN","Hungary","2017","2017",1345.3,,
"CICDALLC","All causes of death","TXCRUDTX","Deaths per 100 000 population (crude rates)","HUN","Hungary","2018","2018",1340.5,,
"CICDALLC","All causes of death","TXCRUDTX","Deaths per 100 000 population (crude rates)","HUN","Hungary","2019","2019",1326.4,,
"CICDALLC","All causes of death","TXCRUDTX","Deaths per 100 000 population (crude rates)","POL","Poland","2000","2000",961.9,,
"CICDALLC","All causes of death","TXCRUDTX","Deaths per 100 000 population (crude rates)","POL","Poland","2001","2001",949.6,,
"CICDALLC","All causes of death","TXCRUDTX","Deaths per 100 000 population (crude rates)","POL","Poland","2002","2002",940.3,,
"CICDALLC","All causes of death","TXCRUDTX","Deaths per 100 000 population (crude rates)","POL","Poland","2003","2003",956,,
"CICDALLC","All causes of death","TXCRUDTX","Deaths per 100 000 population (crude rates)","POL","Poland","2004","2004",952.1,,
"CICDALLC","All causes of death","TXCRUDTX","Deaths per 100 000 population (crude rates)","POL","Poland","2005","2005",965,,
"CICDALLC","All causes of death","TXCRUDTX","Deaths per 100 000 population (crude rates)","POL","Poland","2006","2006",969.3,,
"CICDALLC","All causes of death","TXCRUDTX","Deaths per 100 000 population (crude rates)","POL","Poland","2007","2007",989.6,,
"CICDALLC","All causes of death","TXCRUDTX","Deaths per 100 000 population (crude rates)","POL","Poland","2008","2008",995.1,,
"CICDALLC","All causes of death","TXCRUDTX","Deaths per 100 000 population (crude rates)","POL","Poland","2009","2009",1009,,
"CICDALLC","All causes of death","TXCRUDTX","Deaths per 100 000 population (crude rates)","POL","Poland","2010","2010",994.9,,
"CICDALLC","All causes of death","TXCRUDTX","Deaths per 100 000 population (crude rates)","POL","Poland","2011","2011",986.5,,
"CICDALLC","All causes of death","TXCRUDTX","Deaths per 100 000 population (crude rates)","POL","Poland","2012","2012",1010.9,,
"CICDALLC","All causes of death","TXCRUDTX","Deaths per 100 000 population (crude rates)","POL","Poland","2013","2013",1018.2,,
"CICDALLC","All causes of death","TXCRUDTX","Deaths per 100 000 population (crude rates)","POL","Poland","2014","2014",990.4,,
"CICDALLC","All causes of death","TXCRUDTX","Deaths per 100 000 population (crude rates)","POL","Poland","2015","2015",1039.6,,
"CICDALLC","All causes of death","TXCRUDTX","Deaths per 100 000 population (crude rates)","POL","Poland","2016","2016",1021.9,,
"CICDALLC","All causes of death","TXCRUDTX","Deaths per 100 000 population (crude rates)","POL","Poland","2017","2017",1060.8,,
"CICDALLC","All causes of death","TXCRUDTX","Deaths per 100 000 population (crude rates)","POL","Poland","2018","2018",1090.7,,
"CICDALLC","All causes of death","TXCRUDTX","Deaths per 100 000 population (crude rates)","CAN","Canada","2000","2000",710.6,"B","Break"
"CICDALLC","All causes of death","TXCRUDTX","Deaths per 100 000 population (crude rates)","CAN","Canada","2001","2001",707.7,,
"CICDALLC","All causes of death","TXCRUDTX","Deaths per 100 000 population (crude rates)","CAN","Canada","2002","2002",713,,
"CICDALLC","All causes of death","TXCRUDTX","Deaths per 100 000 population (crude rates)","CAN","Canada","2003","2003",714.7,,
"CICDALLC","All causes of death","TXCRUDTX","Deaths per 100 000 population (crude rates)","CAN","Canada","2004","2004",709.4,,
"CICDALLC","All causes of death","TXCRUDTX","Deaths per 100 000 population (crude rates)","CAN","Canada","2005","2005",713.7,,
"CICDALLC","All causes of death","TXCRUDTX","Deaths per 100 000 population (crude rates)","CAN","Canada","2006","2006",700.2,,
"CICDALLC","All causes of death","TXCRUDTX","Deaths per 100 000 population (crude rates)","CAN","Canada","2007","2007",715.2,,
"CICDALLC","All causes of death","TXCRUDTX","Deaths per 100 000 population (crude rates)","CAN","Canada","2008","2008",717.7,,
"CICDALLC","All causes of death","TXCRUDTX","Deaths per 100 000 population (crude rates)","CAN","Canada","2009","2009",709,,
"CICDALLC","All causes of death","TXCRUDTX","Deaths per 100 000 population (crude rates)","CAN","Canada","2010","2010",706,,
"CICDALLC","All causes of death","TXCRUDTX","Deaths per 100 000 population (crude rates)","CAN","Canada","2011","2011",704.9,,
"CICDALLC","All causes of death","TXCRUDTX","Deaths per 100 000 population (crude rates)","CAN","Canada","2012","2012",710.4,,
"CICDALLC","All causes of death","TXCRUDTX","Deaths per 100 000 population (crude rates)","CAN","Canada","2013","2013",719.3,,
"CICDALLC","All causes of death","TXCRUDTX","Deaths per 100 000 population (crude rates)","CAN","Canada","2014","2014",730.4,,
"CICDALLC","All causes of death","TXCRUDTX","Deaths per 100 000 population (crude rates)","CAN","Canada","2015","2015",740.4,,
"CICDALLC","All causes of death","TXCRUDTX","Deaths per 100 000 population (crude rates)","CAN","Canada","2016","2016",740,,
"CICDALLC","All causes of death","TXCRUDTX","Deaths per 100 000 population (crude rates)","CAN","Canada","2017","2017",757.2,,
"CICDALLC","All causes of death","TXCRUDTX","Deaths per 100 000 population (crude rates)","LTU","Lithuania","2000","2000",1112.1,,
"CICDALLC","All causes of death","TXCRUDTX","Deaths per 100 000 population (crude rates)","LTU","Lithuania","2001","2001",1164,,
"CICDALLC","All causes of death","TXCRUDTX","Deaths per 100 000 population (crude rates)","LTU","Lithuania","2002","2002",1192.9,,
"CICDALLC","All causes of death","TXCRUDTX","Deaths per 100 000 population (crude rates)","LTU","Lithuania","2003","2003",1200.2,,
"CICDALLC","All causes of death","TXCRUDTX","Deaths per 100 000 population (crude rates)","LTU","Lithuania","2004","2004",1224.1,,
"CICDALLC","All causes of death","TXCRUDTX","Deaths per 100 000 population (crude rates)","LTU","Lithuania","2005","2005",1318.2,,
"CICDALLC","All causes of death","TXCRUDTX","Deaths per 100 000 population (crude rates)","LTU","Lithuania","2006","2006",1370.5,,
"CICDALLC","All causes of death","TXCRUDTX","Deaths per 100 000 population (crude rates)","LTU","Lithuania","2007","2007",1411.9,,
"CICDALLC","All causes of death","TXCRUDTX","Deaths per 100 000 population (crude rates)","LTU","Lithuania","2008","2008",1370.5,,
"CICDALLC","All causes of death","TXCRUDTX","Deaths per 100 000 population (crude rates)","LTU","Lithuania","2009","2009",1328.9,,
"CICDALLC","All causes of death","TXCRUDTX","Deaths per 100 000 population (crude rates)","LTU","Lithuania","2010","2010",1359.9,,
"CICDALLC","All causes of death","TXCRUDTX","Deaths per 100 000 population (crude rates)","LTU","Lithuania","2011","2011",1355.2,,
"CICDALLC","All causes of death","TXCRUDTX","Deaths per 100 000 population (crude rates)","LTU","Lithuania","2012","2012",1370.2,,
"CICDALLC","All causes of death","TXCRUDTX","Deaths per 100 000 population (crude rates)","LTU","Lithuania","2013","2013",1403.5,,
"CICDALLC","All causes of death","TXCRUDTX","Deaths per 100 000 population (crude rates)","LTU","Lithuania","2014","2014",1372.7,,
"CICDALLC","All causes of death","TXCRUDTX","Deaths per 100 000 population (crude rates)","LTU","Lithuania","2015","2015",1438.1,,
"CICDALLC","All causes of death","TXCRUDTX","Deaths per 100 000 population (crude rates)","LTU","Lithuania","2016","2016",1433.1,,
"CICDALLC","All causes of death","TXCRUDTX","Deaths per 100 000 population (crude rates)","LTU","Lithuania","2017","2017",1419.2,,
"CICDALLC","All causes of death","TXCRUDTX","Deaths per 100 000 population (crude rates)","LTU","Lithuania","2018","2018",1412.6,,
"CICDALLC","All causes of death","TXCRUDTX","Deaths per 100 000 population (crude rates)","LTU","Lithuania","2019","2019",1370,,
